attack_name,attack_title,campaigns,artifact_name,package,ecosystem,repo,year,start_date,end_date,domain,domain_type,artifact_type,insertion_phase,impact_type,impact_user_count,versions,fixed_versions,commits,hashes,historical_artifacts,current_artifacts,references,notes
Aldus FreeHand,Aldus FreeHand disk shipped with MacMag virus.,,Aldus FreeHand,,,,1988,1988-01-01,1988-03-02,Aldus Corporation,project download host,floppy disk,distribution,nuisance,5000,Aldus FreeHand promotional/training disks distributed around Feb/March 1988,,,,"Aldus FreeHand promotional/training 3.5-inch floppy disks distributed in February/March 1988., Macworld magazine March 1988 issue included some of the infected disks.","https://en.wikipedia.org/wiki/MacMag, https://www.techmonitor.ai/technology/the_virus_program_that_caused_aldus_to_recall_thousands_of_copies_of_freehand/, http://all.net/books/virus/SCVirusBook.pdf, https://www.latimes.com/archives/la-xpm-1988-10-21-fi-4552-story.html","https://en.wikipedia.org/wiki/MacMag, https://www.techmonitor.ai/technology/the_virus_program_that_caused_aldus_to_recall_thousands_of_copies_of_freehand/, http://all.net/books/virus/SCVirusBook.pdf, https://www.latimes.com/archives/la-xpm-1988-10-21-fi-4552-story.html",
Microsoft Software Media,Microsoft distribution media shipped with Form virus.,,Microsoft Software Media,,,,1995,1995-01-01,1995-12-31,microsoft.com,project download host,floppy disk,distribution,nuisance,,"Specific batches of Microsoft software floppy disks circa 1995 (e.g., Windows 95 upgrade)",,,,Infected Microsoft floppy disks,,"https://grahamcluley.com/ibm-shipping-malware-infected-usb-sticks/, https://www.independent.co.uk/news/business/microsoft-ships-disks-infected-with-computer-virus-1575886.html, https://arstechnica.com/information-technology/2010/08/the-viruses-microsoft-shipped/",
IBM Aptiva,IBM Aptiva PCs shipped pre-infected with CIH virus.,,IBM Aptiva,,,,1999,1999-03-05,1999-03-17,ibm.com,project download host,hardware,distribution,"data destruction, hardware damage (bios payload)",5000,"IBM Aptiva models 240, 301, 520, 580 manufactured March 5-17, 1999",,,"md5:2b3762908955147287db7f377d66976b, md5:7b8a3132f23f2300710631017e3f0d2f, sha256:5f778e1f90c67968a95874380a19198f7a0a860f9521935096c6bf46905f79a9, sha256:c8b72931950b2006a96878e0a39728f725db5d4e8e62e6df2a292ae096721a89","IBM Aptiva consumer PCs (models 240, 301, 520, 580) manufactured between March 5 and March 17, 1999, shipped with pre-installed CIH virus.","https://www.f-secure.com/v-descs/cih.shtml, https://web.archive.org/web/20000818190934/http://www.zdnet.com/zdnn/stories/news/0,4586,2236884,00.html, https://www.virustotal.com/gui/file/5f778e1f90c67968a95874380a19198f7a0a860f9521935096c6bf46905f79a9, https://www.virustotal.com/gui/file/c8b72931950b2006a96878e0a39728f725db5d4e8e62e6df2a292ae096721a89","https://web.archive.org/web/20000818190934/http://www.zdnet.com/zdnn/stories/news/0,4586,2236884,00.html, https://en.wikipedia.org/wiki/CIH_(computer_virus)#Incidents, https://www.f-secure.com/v-descs/cih.shtml",
juniper-screenos,Juniper ScreenOS firmware contained unauthorized backdoors,,juniper-screenos,,,,2012,2012-09-01,2015-12-17,juniper.net,vendor,firmware,source,"backdoor, vpn traffic decryption",,"ScreenOS 6.2.0r15 - 6.2.0r18, ScreenOS 6.3.0r12 - 6.3.0r20",,,,,,"https://supportportal.juniper.net/s/article/2015-12-Out-of-Cycle-Security-Bulletin-ScreenOS-Multiple-Security-issues-with-ScreenOS-CVE-2015-7755-CVE-2015-7756, https://www.wired.com/2015/12/researchers-solve-the-juniper-mystery-and-they-say-its-partially-the-nsas-fault/, https://blog.fox-it.com/2015/12/20/deepdive-into-cve-2015-7755-juniper-screenos-authentication-backdoor/, https://www.kb.cert.org/vuls/id/640184",
eWON (HMS Networks),eWON VPN software installer distributed Havex.,,eWON (HMS Networks),,,,2013,2013-01-01,2014-06-01,ewon.biz,project download host,binary archive,distribution,"backdoor, data theft, remote access",,Specific software installers for products like eCatcher during the compromise window.,,,"sha256:09a35ac2f7f9ca156c3a2ab2466c029976535390099101632e904a7ca3f6764d, sha256:4a1a783a11c1a2a9d5915717b16ebb5012c685f4457a08246666d7d2f7dcb238, md5:f691c8f16e290f829710ff0a18ff2532","Trojanized eWON eCatcher VPN client installer, downloaded from ewon.biz during 2013-2014., Compromised installer filename variations reported as: MBBActiveServ.exe, eCatcher_Setup.exe (specific names for eWON might vary, these are examples from the campaign)","https://web.archive.org/web/20190717022917/https://www.symantec.com/content/en/us/enterprise/media/security_response/whitepapers/dragonfly-threat-against-energy-sector-systems.pdf, https://www.f-secure.com/documents/996508/1030745/Threat_Intelligence_Report_Havex_an_Energetic_Bear_Targets_ICS_SCADA.pdf, https://www.cisa.gov/news-events/ics-alerts/ics-alert-14-176-02a, https://www.virustotal.com/gui/file/09a35ac2f7f9ca156c3a2ab2466c029976535390099101632e904a7ca3f6764d","https://threatpost.com/motives-behind-havex-ics-malware-campaign-remain-a-mystery/107046/, https://web.archive.org/web/20190717022917/https://www.symantec.com/content/en/us/enterprise/media/security_response/whitepapers/dragonfly-threat-against-energy-sector-systems.pdf, https://www.cisa.gov/news-events/ics-alerts/ics-alert-14-176-02a, https://www.f-secure.com/documents/996508/1030745/Threat_Intelligence_Report_Havex_an_Energetic_Bear_Targets_ICS_SCADA.pdf",
"MESA Imaging (Acquired by Heptagon, then ams OSRAM)",MESA Imaging camera software distributed Havex.,,"MESA Imaging (Acquired by Heptagon, then ams OSRAM)",,,,2013,2013-01-01,2014-06-01,mesa-imaging.ch,project download host,binary archive,distribution,"backdoor, data theft, remote access",,Specific software installers available during the compromise period.,,,"sha256:09a35ac2f7f9ca156c3a2ab2466c029976535390099101632e904a7ca3f6764d, sha256:4a1a783a11c1a2a9d5915717b16ebb5012c685f4457a08246666d7d2f7dcb238, md5:f691c8f16e290f829710ff0a18ff2532","Trojanized MESA Imaging camera software installers (e.g., for SR4000 series cameras), downloaded from mesa-imaging.ch during 2013-2014.","https://www.f-secure.com/documents/996508/1030745/Threat_Intelligence_Report_Havex_an_Energetic_Bear_Targets_ICS_SCADA.pdf, https://web.archive.org/web/20190717022917/https://www.symantec.com/content/en/us/enterprise/media/security_response/whitepapers/dragonfly-threat-against-energy-sector-systems.pdf, https://www.cisa.gov/news-events/ics-alerts/ics-alert-14-176-02a, https://www.virustotal.com/gui/file/09a35ac2f7f9ca156c3a2ab2466c029976535390099101632e904a7ca3f6764d","https://www.f-secure.com/documents/996508/1030745/Threat_Intelligence_Report_Havex_an_Energetic_Bear_Targets_ICS_SCADA.pdf, https://en.wikipedia.org/wiki/Havex, https://www.cisa.gov/news-events/ics-alerts/ics-alert-14-176-02a, https://web.archive.org/web/20190717022917/https://www.symantec.com/content/en/us/enterprise/media/security_response/whitepapers/dragonfly-threat-against-energy-sector-systems.pdf",
MB Connect Line,MB Connect Line installer distributed Havex.,,MB Connect Line,,,,2013,2013-01-01,2014-06-01,mbconnectline.com,project download host,binary archive,distribution,"backdoor, data theft, remote access",,Specific software installers available for download from their website during the compromise period.,,,"sha256:09a35ac2f7f9ca156c3a2ab2466c029976535390099101632e904a7ca3f6764d, sha256:4a1a783a11c1a2a9d5915717b16ebb5012c685f4457a08246666d7d2f7dcb238, md5:f691c8f16e290f829710ff0a18ff2532","Trojanized MB Connect Line software installer (e.g., for mbCHECK, mbCONF), downloaded from mbconnectline.com during 2013-2014.","https://web.archive.org/web/20190717022917/https://www.symantec.com/content/en/us/enterprise/media/security_response/whitepapers/dragonfly-threat-against-energy-sector-systems.pdf, https://www.cisa.gov/news-events/ics-alerts/ics-alert-14-176-02a, https://www.f-secure.com/documents/996508/1030745/Threat_Intelligence_Report_Havex_an_Energetic_Bear_Targets_ICS_SCADA.pdf, https://www.virustotal.com/gui/file/09a35ac2f7f9ca156c3a2ab2466c029976535390099101632e904a7ca3f6764d","https://securityledger.com/2014/07/industrial-control-vendors-identified-in-dragonfly-attack/, https://www.cisa.gov/news-events/ics-alerts/ics-alert-14-176-02a, https://web.archive.org/web/20190717022917/https://www.symantec.com/content/en/us/enterprise/media/security_response/whitepapers/dragonfly-threat-against-energy-sector-systems.pdf",
gom-player,GOM Player update mechanism abused to deliver malware to Korean targets,,gom-player,,,,2013,2013-07-01,2013-12-31,gomlab.com,vendor,binary archive,distribution,"backdoor, espionage",,,,,,,,"https://www.symantec.com/connect/blogs/four-years-darkseoul-cyberattacks-against-south-korea-continue-anniversary-korean-war, https://www.welivesecurity.com/2013/07/01/south-korea-malware-watering-hole/",
simdisk,SimDisk South Korean cloud storage auto-update delivered DDoS malware,,simdisk,,,,2013,2013-07-09,2013-07-10,simdisk.co.kr,vendor,binary archive,distribution,"ddos, backdoor",,,,,,,,"https://blog.avast.com/2013/07/12/simdisk-malware-attack/, https://www.symantec.com/connect/blogs/four-years-darkseoul-cyberattacks-against-south-korea-continue-anniversary-korean-war, https://www.zdnet.com/article/south-korean-cyberattacks-anniversary-of-darkseoul/",
EvLog,Altair EvLog update delivered Kingslayer malware.,,EvLog,,,,2015,2015-04-01,2015-07-31,altairtech.com,project download host,binary archive,distribution,"backdoor, remote access, credential theft",100,EvLog versions updated between April-July 2015,,,"sha256:caea901a301b9c103d90b8539819e050e57b67c6ff4d7863ad1cd549f5fdc2af, sha256:383d60bffd5dc64e38893361cb03939bc8c6d5e476dc70755eb0886947e51661, sha256:7aa474d0d39a41768149f413c451e9208f73af4d262b6575ada31644f5699153, sha256:15113f237b29f51c78f315db7d815c5ed1340f52b500f66979edb153515910d7, sha256:72ccf28f4636403249d87721e802140ccae2248b810860f8c5d4f33d07363597, sha256:4286ecd104cf0667064ad008e5ac9ffa33a0f7858bb745d533fdb30369e89dd4",Compromised EvLog update packages distributed via Altair Technologies' official update channels.,https://web.archive.org/web/20170726040823/https://www.comsecglobal.com/kingslayer-a-supply-chain-attack/,"https://web.archive.org/web/20170726040823/https://www.comsecglobal.com/kingslayer-a-supply-chain-attack/, https://securityaffairs.com/58864/cyber-crime/operation-wilysupply-hacking.html",
Android/Triada,Android firmware shipped with sophisticated Triada trojan.,,Android/Triada,,,,2016,2016-01-01,Ongoing,Various Android OEMs / Unbranded Manufacturers / Firmware Integrators,project download host,hardware,ci/cd,"backdoor, rootkit, data theft, credential theft, fraud",1000000,Numerous budget/unbranded/counterfeit Android device models firmware,,,"md5:f468a29f836d2bba7a2b1a638c5bebf0, md5:89c3475be8dba92f4ee7de0d981603c1, md5:fce117a9d7c8c73e5f56bda7437bdb28, md5:308e35fb48d98d9e466e4dfd1ba6ee73","Embedded in firmware of counterfeit/unbranded Android devices during manufacturing., pkg://android/com.android.system.DataStorage","https://securelist.com/triada-trojan-modules-analysis/116380/#indicators-of-compromise, https://raw.githubusercontent.com/adrdotocet/ott/main/api.json, https://raw.githubusercontent.com/adrdotocet2/ott/main/api.json, https://raw.githubusercontent.com/adrdotocet3/ott/main/api.json, https://bazaar.abuse.ch/browse.php?search=tag%3ATriada","https://securelist.com/triada-trojan-modules-analysis/116380/, https://source.android.com/docs/security/reports/Google_Android_Security_2018_Report_Final.pdf, https://thehackernews.com/2025/04/triada-malware-preloaded-on-counterfeit.html, https://news.drweb.com/show/?i=10451",
Adups,Adups firmware update component spied on users.,,Adups,,,,2016,2016-07-12,2016-11-16,Various Android OEMs,project download host,hardware,dependency,"spyware, data theft",700000000,"Adups FOTA client versions ~5.0.x - 5.3.x on various Android devices (e.g., BLU R1 HD, others)",,,"md5:beca89b7a9a52d39cc2c342e8886ce7a, sha256:c7ee90a0531637778796a53d6c259ac10f0375f150b13d995ac92064517a5a7b","http://www.adups.com/download/fota-client-5.0.1.apk, https://files.adups.com/fota-client-5.3.0.apk, pkg://android/com.adups.fota, pkg://android/com.adups.fota.sysoper","https://www.kryptowire.com/adups_security_analysis.pdf, https://github.com/mobile-security/android-malware-samples/blob/master/adups, https://bazaar.abuse.ch/browse.php?search=tag%3AAdups","https://thehackernews.com/2016/11/hacking-android-smartphone.html, https://android.gadgethacks.com/news/these-android-phones-could-be-affected-by-adups-chinese-spyware-0175014/, https://www.us-cert.gov/ncas/alerts/TA16-336A, https://www.phonescoop.com/articles/article.php?a=17865, https://www.bluproducts.com/news/2017-blu-privacy.html",
stylish,Stylish browser extension exfiltrated browsing history,,stylish,,,,2017,2017-01-01,2018-07-04,chromewebstore.google.com,package host,extension package,distribution,"browsing history exfiltration, tracking",2000000,,,,,,,"https://robertheaton.com/2018/07/02/stylish-browser-extension-steals-your-internet-history/, https://www.theregister.com/2018/07/05/stylish_browser_extension_dropped/, https://www.bleepingcomputer.com/news/security/stylish-firefox-and-chrome-extension-banned-for-tracking-browsing-history/",
CCleaner,CCleaner distributed with multi-stage backdoor.,,CCleaner,CCleaner,Windows installer,,2017,2017-08-15,2017-09-12,piriform.com,project download host,binary archive,ci/cd,"backdoor, data theft, remote access",2270000,5.33.6162,,,"sha256:1a4a5123d7b2c534cb3e3168f7032cf9ebf38b9a2a97226d0fdb7933cf6030ff, md5:5d4a6ae5ed7de98404bedfe504dbfb4a","https://download.piriform.com/ccsetup533.exe, https://download.piriform.com/ccleaner/5.33/ccsetup533.exe, http://download.piriform.com/ccsetup533_slim.exe",,"https://blog.avast.com/ccleaner-incident-report-now-and-then-avast, https://blogs.cisco.com/talos/ccleaner-c2-goes-down, https://www.talosintelligence.com/reports/TALOS-2017-0481",
CCleaner,CCleaner distributed with multi-stage backdoor.,,CCleaner Cloud,CCleaner Cloud,Windows installer,,2017,2017-08-15,2017-09-12,piriform.com,project download host,binary archive,ci/cd,"backdoor, data theft, remote access",,1.07.3191,,,,,,"https://blog.avast.com/ccleaner-incident-report-now-and-then-avast, https://blogs.cisco.com/talos/ccleaner-c2-goes-down, https://www.talosintelligence.com/reports/TALOS-2017-0481",
CCleaner,CCleaner distributed with multi-stage backdoor.,,CCleaner second-stage payload,CCleaner second-stage DLL,Windows DLL,,2017,2017-09-12,2017-09-12,piriform.com,project download host,binary archive,ci/cd,"backdoor, data theft, remote access",,,,,sha256:36b36ee9515e0a60629d2c722b006b33e543dce1c8c2611053e0651a0bfdb2e9,,,"https://blog.avast.com/ccleaner-incident-report-now-and-then-avast, https://blogs.cisco.com/talos/ccleaner-c2-goes-down, https://www.talosintelligence.com/reports/TALOS-2017-0481",Second-stage DLL deployed only to selected high-value targets after the first-stage CCleaner compromise.
MeDoc,MeDoc updates distributed NotPetya ransomware.,,MeDoc,,,,2017,2017-04-01,2017-06-27,medoc.ua,project download host,binary archive,distribution,"ransomware (wiper), data destruction, denial of service",400000,"Specific MeDoc update versions distributed on or around June 27, 2017",,,"sha256:027cc450ef5f8c5f653329641ec1fed91f694e0d229928963b30f6b0d7d3a745, sha256:13d5006285b3f9151e7e7f98e75a99534a831510f6e6d4f1a24713004f014906, md5:71b6a493388e7d0b40c83ce903bc6b04","MeDoc software updates distributed via medoc.ua's update server (e.g., upd.me-doc.com.ua) around June 27, 2017.","https://www.welivesecurity.com/2017/06/30/telebots-back-supply-chain-attacks-against-ukraine/, https://www.microsoft.com/en-us/security/blog/2017/06/27/new-ransomware-old-techniques-petya-outbreak-originates-in-ukraine-spreads-globally/, https://www.virustotal.com/gui/file/027cc450ef5f8c5f653329641ec1fed91f694e0d229928963b30f6b0d7d3a745, https://www.virustotal.com/gui/file/13d5006285b3f9151e7e7f98e75a99534a831510f6e6d4f1a24713004f014906","https://www.wired.com/story/notpetya-cyberattack-ukraine-russia-code-crashed-the-world/, https://www.us-cert.gov/ncas/alerts/TA17-181A, https://www.welivesecurity.com/2017/07/04/connection-telebots-past-attacks-current-medoc-situation/",
ultraedit,UltraEdit update mechanism abused in Operation WilySupply,,ultraedit,,,,2017,2017-04-13,2017-04-14,ultraedit.com,vendor,binary archive,distribution,"backdoor, remote access",25,,,,,,,"https://www.microsoft.com/en-us/security/blog/2017/05/04/windows-defender-atp-thwarts-operation-wilysupply-software-supply-chain-cyberattack/, https://www.theregister.com/2017/05/04/microsoft_unsupply_chain_attack/, https://www.bleepingcomputer.com/news/security/microsoft-stops-targeted-malware-attack-distributed-via-software-supply-chain/",
ask-partner-network,Ask Partner Network update channel delivered fileless malware,,ask-partner-network,,,,2017,2017-06-01,2017-11-30,apn.ask.com,vendor,binary archive,distribution,"backdoor, remote access",,,,,,,,"https://redcanary.com/blog/ask-partner-network-supply-chain-attack/, https://www.bleepingcomputer.com/news/security/ask-partner-network-blamed-for-supplying-malware-to-millions-of-pcs/",
NetSarang,NetSarang server tools shipped with ShadowPad backdoor.,,Xmanager Enterprise installer,Xmanager Enterprise,Windows installer,,2017,2017-07-18,2017-08-04,netsarang.com,project download host,binary archive,ci/cd,backdoor,,5.0 Build 1232,,,,https://netsarang.com/downloads/Xmanager-enterprise-5.0-build-1232.exe,,"https://securelist.com/shadowpad-in-corporate-networks/79953/, https://www.kaspersky.com/about/press-releases/2017_shadowpad-how-attackers-hide-backdoor-in-software-used-by-hundreds-of-large-companies-around-the-world, https://www.cyber.gc.ca/en/alerts/software-compromised-backdoor-trojan-0",Shared ShadowPad DLL and installer hashes remain at the attack level because public reporting does not map each digest to a specific product installer.
NetSarang,NetSarang server tools shipped with ShadowPad backdoor.,,Xmanager installer,Xmanager,Windows installer,,2017,2017-07-18,2017-08-04,netsarang.com,project download host,binary archive,ci/cd,backdoor,,5.0 Build 1045,,,,https://netsarang.com/downloads/Xmanager-5.0-build-1045.exe,,"https://securelist.com/shadowpad-in-corporate-networks/79953/, https://www.kaspersky.com/about/press-releases/2017_shadowpad-how-attackers-hide-backdoor-in-software-used-by-hundreds-of-large-companies-around-the-world, https://www.cyber.gc.ca/en/alerts/software-compromised-backdoor-trojan-0",
NetSarang,NetSarang server tools shipped with ShadowPad backdoor.,,Xshell installer,Xshell,Windows installer,,2017,2017-07-18,2017-08-04,netsarang.com,project download host,binary archive,ci/cd,backdoor,,5.0 Build 1322,,,,https://netsarang.com/downloads/Xshell-5.0-build-1322.exe,,"https://securelist.com/shadowpad-in-corporate-networks/79953/, https://www.kaspersky.com/about/press-releases/2017_shadowpad-how-attackers-hide-backdoor-in-software-used-by-hundreds-of-large-companies-around-the-world, https://www.cyber.gc.ca/en/alerts/software-compromised-backdoor-trojan-0",
NetSarang,NetSarang server tools shipped with ShadowPad backdoor.,,Xftp installer,Xftp,Windows installer,,2017,2017-07-18,2017-08-04,netsarang.com,project download host,binary archive,ci/cd,backdoor,,5.0 Build 1218,,,,https://netsarang.com/downloads/Xftp-5.0-build-1218.exe,,"https://securelist.com/shadowpad-in-corporate-networks/79953/, https://www.kaspersky.com/about/press-releases/2017_shadowpad-how-attackers-hide-backdoor-in-software-used-by-hundreds-of-large-companies-around-the-world, https://www.cyber.gc.ca/en/alerts/software-compromised-backdoor-trojan-0",
NetSarang,NetSarang server tools shipped with ShadowPad backdoor.,,Xlpd installer,Xlpd,Windows installer,,2017,2017-07-18,2017-08-04,netsarang.com,project download host,binary archive,ci/cd,backdoor,,5.0 Build 1220,,,,https://netsarang.com/downloads/Xlpd-5.0-build-1220.exe,,"https://securelist.com/shadowpad-in-corporate-networks/79953/, https://www.kaspersky.com/about/press-releases/2017_shadowpad-how-attackers-hide-backdoor-in-software-used-by-hundreds-of-large-companies-around-the-world, https://www.cyber.gc.ca/en/alerts/software-compromised-backdoor-trojan-0",
web-developer-chrome,Chrome extension developer accounts hijacked via phishing,,Copyfish,Copyfish,Chrome Web Store,,2017,2017-07-28,2017-08-15,chromewebstore.google.com,package host,extension package,distribution,"adware, ad fraud",,2.8.5,,,,,,"https://www.bleepingcomputer.com/news/security/chrome-extension-developers-under-a-barrage-of-phishing-attacks/, https://a9t9.com/blog/chrome-extension-adware/, https://www.proofpoint.com/us/threat-insight/post/threat-actor-goes-chrome-extension-hijacking-spree",
web-developer-chrome,Chrome extension developer accounts hijacked via phishing,,Web Developer,Web Developer,Chrome Web Store,,2017,2017-07-28,2017-08-15,chromewebstore.google.com,package host,extension package,distribution,"adware, ad fraud",,0.4.9,,,,,,"https://www.bleepingcomputer.com/news/security/chrome-extension-developers-under-a-barrage-of-phishing-attacks/, https://a9t9.com/blog/chrome-extension-adware/, https://www.proofpoint.com/us/threat-insight/post/threat-actor-goes-chrome-extension-hijacking-spree",
web-developer-chrome,Chrome extension developer accounts hijacked via phishing,,Chrometana,Chrometana,Chrome Web Store,,2017,2017-07-28,2017-08-15,chromewebstore.google.com,package host,extension package,distribution,"adware, ad fraud",,1.1.3,,,,,,"https://www.bleepingcomputer.com/news/security/chrome-extension-developers-under-a-barrage-of-phishing-attacks/, https://a9t9.com/blog/chrome-extension-adware/, https://www.proofpoint.com/us/threat-insight/post/threat-actor-goes-chrome-extension-hijacking-spree",
web-developer-chrome,Chrome extension developer accounts hijacked via phishing,,Infinity New Tab,Infinity New Tab,Chrome Web Store,,2017,2017-07-28,2017-08-15,chromewebstore.google.com,package host,extension package,distribution,"adware, ad fraud",,3.12.3,,,,,,"https://www.bleepingcomputer.com/news/security/chrome-extension-developers-under-a-barrage-of-phishing-attacks/, https://a9t9.com/blog/chrome-extension-adware/, https://www.proofpoint.com/us/threat-insight/post/threat-actor-goes-chrome-extension-hijacking-spree",
web-developer-chrome,Chrome extension developer accounts hijacked via phishing,,Web Paint,Web Paint,Chrome Web Store,,2017,2017-07-28,2017-08-15,chromewebstore.google.com,package host,extension package,distribution,"adware, ad fraud",,1.2.1,,,,,,"https://www.bleepingcomputer.com/news/security/chrome-extension-developers-under-a-barrage-of-phishing-attacks/, https://a9t9.com/blog/chrome-extension-adware/, https://www.proofpoint.com/us/threat-insight/post/threat-actor-goes-chrome-extension-hijacking-spree",
web-developer-chrome,Chrome extension developer accounts hijacked via phishing,,Social Fixer,Social Fixer,Chrome Web Store,,2017,2017-07-28,2017-08-15,chromewebstore.google.com,package host,extension package,distribution,"adware, ad fraud",,20.1.1,,,,,,"https://www.bleepingcomputer.com/news/security/chrome-extension-developers-under-a-barrage-of-phishing-attacks/, https://a9t9.com/blog/chrome-extension-adware/, https://www.proofpoint.com/us/threat-insight/post/threat-actor-goes-chrome-extension-hijacking-spree",
Eltima Elmedia Player/Folx,Eltima installers bundled Proton RAT.,,Elmedia Player macOS installer,Elmedia Player,macOS DMG,,2017,2017-10-19,2017-10-20,mac.eltima.com,project download host,binary archive,distribution,"backdoor, remote access, credential theft",,,,,md5:e22f6a66442f8078a5da788998146208,https://mac.eltima.com/download/elmedia-player.dmg,,"https://www.bleepingcomputer.com/news/apple/eltima-website-hacked-to-spread-proton-rat-with-popular-video-player-app/, https://www.welivesecurity.com/2017/10/21/osxproton-supply-chain-attack-elmedia-player-folx/, https://web.archive.org/web/20171020215730/https://blog.eltima.com/security-breach-eltima-Oct-2017/, https://www.vice.com/en/article/elmedia-player-malware-hack-mac-trojan/",
Eltima Elmedia Player/Folx,Eltima installers bundled Proton RAT.,,Folx macOS installer,Folx,macOS DMG,,2017,2017-10-19,2017-10-20,mac.eltima.com,project download host,binary archive,distribution,"backdoor, remote access, credential theft",,,,,md5:1163587a698afe5d88a930c006f2e1e5,https://mac.eltima.com/download/folx.dmg,,"https://www.bleepingcomputer.com/news/apple/eltima-website-hacked-to-spread-proton-rat-with-popular-video-player-app/, https://www.welivesecurity.com/2017/10/21/osxproton-supply-chain-attack-elmedia-player-folx/, https://web.archive.org/web/20171020215730/https://blog.eltima.com/security-breach-eltima-Oct-2017/, https://www.vice.com/en/article/elmedia-player-malware-hack-mac-trojan/",
Point Blank,Point Blank game executable backdoored via supply chain,,Point Blank,,,,2018,2018-01-01,2019-03-11,"Official game websites/distributors (e.g., Zepetto Co. for Point Blank)",package host,binary archive,ci/cd,data theft,,Unknown specific game executable versions/patches for Point Blank,,,,"Compromised Point Blank game executables distributed via official game patches or downloads, potentially through platforms like Steam or direct publisher websites, prior to 2019.","https://securelist.com/operation-shadowhammer/89083/, https://www.bankinfosecurity.com/shadowhammer-spreads-across-online-gaming-supply-chain-a-12409","https://malwaretips.com/threads/point-blank-gamers-targeted-with-backdoor-malware.92107/, https://threatpost.com/gamers-pointblank-backdoor-malware/144088/, https://securelist.com/operation-shadowhammer/89083/, https://www.bankinfosecurity.com/shadowhammer-spreads-across-online-gaming-supply-chain-a-12409, https://www.welivesecurity.com/2019/03/11/gaming-industry-scope-attackers-asia/",
KMPlayer,KMPlayer installer/updates distributed malware.,,KMPlayer,,,,2018,2018-01-01,2018-12-31,kmplayer.com,project download host,binary archive,distribution,"adware, potentially unwanted programs (pups)",,"Various versions around 2018, specific builds often tied to download sources.",,,,"KMPlayer installers downloaded from kmplayer.com or various third-party download sites around 2018, reported to bundle adware or PUPs.","https://www.ghacks.net/2018/02/05/kmplayer-serves-adware/, https://www.reddit.com/r/software/comments/c1x1lz/kmplayer_now_has_malwarecryptominer/","https://www.ghacks.net/2018/02/05/kmplayer-serves-adware/, https://www.reddit.com/r/software/comments/c1x1lz/kmplayer_now_has_malwarecryptominer/",
Inbenta,"Inbenta chatbot script compromised, hit Ticketmaster.",,Inbenta,,,,2018,2018-02-10,2018-06-23,Inbenta Technologies,project download host,source archive,distribution,"skimming, data theft, credential theft",40000,"Specific customized JavaScript provided by Inbenta to Ticketmaster, active Feb-June 2018",,,,"A customized JavaScript file provided by Inbenta to Ticketmaster, which was compromised and served on Ticketmaster's payment pages between February and June 2018.","https://www.wired.co.uk/article/ticketmaster-hack-inbenta-security-breach, https://thehackernews.com/2018/06/ticketmaster-data-breach.html, https://www.bankinfosecurity.com/ticketmaster-fined-17-million-for-data-security-failures-a-15369, https://datadome.co/learning-center/magecart-attacks/","https://www.wired.co.uk/article/ticketmaster-hack-inbenta-security-breach, https://thehackernews.com/2018/06/ticketmaster-data-breach.html, https://www.bankinfosecurity.com/ticketmaster-fined-17-million-for-data-security-failures-a-15369, https://datadome.co/learning-center/magecart-attacks/",
browsealoud,Browsealoud accessibility script delivered Coinhive miner,,browsealoud,,,,2018,2018-02-11,2018-02-11,browsealoud.com,vendor,source archive,distribution,cryptojacking,4275,"ba.js (Browsealoud, modified 2018-02-11)",,,,https://www.browsealoud.com/plus/scripts/ba.js,,"https://www.ncsc.gov.uk/guidance/ncsc-advice-malicious-software-used-illegally-mine-cryptocurrency, https://www.theregister.com/2018/02/11/browsealoud_compromised_coinhive/, https://www.bleepingcomputer.com/news/security/uk-government-websites-us-courts-system-mass-compromised-to-mine-cryptocurrency/, https://scotthelme.co.uk/protect-site-from-cryptojacking-csp-sri/",
mediaget,MediaGet P2P client update channel delivered Dofoil cryptominer,,mediaget,,,,2018,2018-02-15,2018-03-07,mediaget.com,vendor,binary archive,distribution,"cryptojacking, backdoor",400000,,,,sha1:3e0ccd9fa0a5c40c2abb40ed6730556e3d36af3c,,,"https://www.microsoft.com/en-us/security/blog/2018/03/13/poisoned-peer-to-peer-app-kicked-off-dofoil-coin-miner-outbreak/, https://www.microsoft.com/en-us/security/blog/2018/03/07/behavior-monitoring-combined-with-machine-learning-spoils-a-massive-dofoil-coin-mining-campaign/, https://www.bleepingcomputer.com/news/security/microsoft-mediaget-update-server-poisoned-to-spread-dofoil-trojan/",
ASUS Live Update,ASUS Live Update delivered targeted backdoors.,,ASUS Live Update,,,,2018,2018-06-01,2018-11-01,asus.com,project download host,binary archive,distribution,"backdoor, remote access",57000,Multiple versions of ASUS Live Update utility distributed between June and November 2018,,,"sha256:0f49621b06f2cdaac8850c6e9581a594128d69204c18589921e1fb5b7074da30, sha256:5855a5562d9add04ce523bfec4166c4cd252ffc398b18b2856a2faec8b1142e7, sha256:72a4bed7e48266794e07c8acc3ac4c8e6a6d0fbe6aa6eb8be3880d32e1874627","https://dlcdnets.asus.com/pub/ASUS/nb/Apps_for_Win10/LiveUpdate/LiveUpdate_Win10_20180115.zip, https://dlcdnets.asus.com/pub/ASUS/nb/Apps_for_Win10/LiveUpdate/Liveupdate_13.02.03.zip, https://liveupdate01s.asus.com/pub/ASUS/nb/Apps_for_Win10/LiveUpdate/","https://github.com/VirusTotal/sample-collection-c/tree/main/Operation%20ShadowHammer, https://securelist.com/operation-shadowhammer-technical-details/90055/, https://www.virustotal.com/gui/file/0f49621b06f2cdaac8850c6e9581a594128d69204c18589921e1fb5b7074da30","https://securelist.com/operation-shadowhammer/89992/, https://securelist.com/operation-shadowhammer-a-high-profile-supply-chain-attack/90380/, https://mauronz.github.io/shadowhammer-backdoor/, https://www.vice.com/en/article/hackers-hijacked-asus-software-updates-to-install-backdoors-on-thousands-of-computers/, https://www.vice.com/en/article/pan9wn/hackers-hijacked-asus-software-updates-to-install-backdoors-on-thousands-of-computers, https://www.asus.com/news/asus-response-to-the-recent-media-reports-regarding-asus-live-update-tool-attack-by-advanced-persistent-threat-apt-groups/",
Infestation: Survivor Stories (fka The War Z),Infestation: Survivor Stories game executable backdoored via supply chain,,Infestation: Survivor Stories (fka The War Z),,,,2018,2018-06-01,2018-11-30,Electronics Extreme (Thailand-based author),package host,binary archive,ci/cd,data theft,,Unknown specific game executable versions/patches,,,,"Compromised game executables (e.g., Infestation.exe) distributed via official game patches or downloads, potentially through platforms like Steam or direct publisher websites, between June and November 2018.","https://securelist.com/operation-shadowhammer/89083/, https://www.bankinfosecurity.com/shadowhammer-spreads-across-online-gaming-supply-chain-a-12409","https://www.bankinfosecurity.com/shadowhammer-spreads-across-online-gaming-supply-chain-a-12409, https://securelist.com/operation-shadowhammer/89083/, https://www.reddit.com/r/pcgaming/comments/bh22hd/infestation_survivor_stories_backdoored_with/",
pdfescape,PDFescape Desktop installer trojanized to drop redirector,,pdfescape,,,,2018,2018-07-01,2018-07-31,pdfescape.com,vendor,binary archive,distribution,"backdoor, redirector",,,,,,,,"https://www.malwarebytes.com/blog/threat-analysis/2018/07/pdfescape-installer-found-distributing-redirector-files, https://www.bleepingcomputer.com/news/security/pdfescape-software-found-to-deliver-malicious-redirector-files/",
British Airways (via Modernizr script),British Airways breached via modified script.,,British Airways (via Modernizr script),,,,2018,2018-08-21,2018-09-05,ba.com,project download host,source archive,distribution,"credential theft, data theft",380000,The specific version of Modernizr.js and related scripts served by British Airways during the incident window.,,,,https://www.britishairways.com/scripts/modernizr.js,https://www.riskiq.com/blog/labs/magecart-british-airways-breach/,"https://www.riskiq.com/blog/labs/magecart-british-airways-breach/, https://ico.org.uk/about-the-ico/media-centre/news-and-blogs/2020/10/ico-fines-british-airways-20m-for-data-breach-affecting-more-than-400-000-customers/",
Feedify,Feedify push notification script compromised.,,Feedify,,,,2018,2018-09-01,2018-11-01,feedify.net,project download host,source archive,dependency,"credential theft, data theft",4000,,,,,https://feedify.net/getjs/pushconfig.js,"https://web.archive.org/web/20181110000000/https://blog.sucuri.net/2018/11/feedify-compromised-push-notifications-used-to-load-card-skimmer.html, https://web.archive.org/web/20181120000000/https://www.riskiq.com/blog/labs/magecart-feedify/","https://web.archive.org/web/20181110000000/https://blog.sucuri.net/2018/11/feedify-compromised-push-notifications-used-to-load-card-skimmer.html, https://web.archive.org/web/20181120000000/https://www.riskiq.com/blog/labs/magecart-feedify/",
mega-chrome,MEGA Chrome extension trojanized via developer account compromise,,mega-chrome,,,,2018,2018-09-04,2018-09-04,chromewebstore.google.com,package host,extension package,distribution,"credential theft, cryptocurrency theft",1600000,3.39.4,,,,,https://serhack.me/articles/mega-chrome-extension-hacked/,"https://serhack.me/articles/mega-chrome-extension-hacked/, https://securityboulevard.com/2018/09/hackers-replace-mega-chrome-extension-with-trojanized-version/, https://www.bleepingcomputer.com/news/security/mega-chrome-extension-hacked-cryptocurrency-and-user-passwords-targeted/",
Copay,Event-stream dependency compromised Copay wallet,,Copay,,,https://github.com/bitpay/copay,2018,2018-09-09,2018-11-26,copay.io,project download host,binary archive,dependency,cryptocurrency theft,1000000,"5.0.2, 5.1.0",,470d7c7395001440f0187550297cf083d52c43a6,sha256:005a6cfb72127d0007798d72700e28df0b5280b9f7e56f355de65a8f9107026e,"3.3.6, 0.1.1, https://registry.npmjs.org/event-stream/-/event-stream-3.3.6.tgz, https://registry.npmjs.org/flatmap-stream/-/flatmap-stream-0.1.1.tgz, https://github.com/bitpay/copay/releases/tag/v5.0.2, https://github.com/bitpay/copay/releases/tag/v5.1.0","https://github.com/dominictarr/event-stream/issues/116, https://gist.github.com/thejoshwolfe/38f4c4a98208300ab903f81f0a5004d9, https://my.diffend.io/npm/flatmap-stream/0.1.0/0.1.1","https://bitpay.com/blog/statement-on-compromised-copay-resources/, https://medium.com/coinmonks/the-anatomy-of-a-supply-chain-attack-on-the-javascript-ecosystem-ee650cd8740",
VSDC Video Editor,VSDC download portal compromised,,VSDC Video Editor,,,,2018,2018-11-01,2019-07-31,videosoftdev.com,project download host,binary archive,distribution,banking trojan,565000,,,,,Trojanized VSDC Video Editor installers downloaded from videosoftdev.com during 2018-2019.,,,
statcounter,StatCounter analytics tag hijacked to steal gate.io withdrawals,,statcounter,,,,2018,2018-11-03,2018-11-06,statcounter.com,vendor,source archive,distribution,cryptocurrency theft,2000000,,,,,https://www.statcounter.com/counter/counter.js,,"https://www.welivesecurity.com/2018/11/06/supply-chain-attack-cryptocurrency-exchange-gate-io/, https://www.bleepingcomputer.com/news/security/statcounter-analytics-platform-hacked-to-steal-bitcoin-from-gateio-users/, https://thehackernews.com/2018/11/statcounter-cryptocurrency-hack.html",
Magento Extensions,Magento extensions backdoored in coordinated supply chain attack.,,Magento Extensions,,,,2019,2019-01-01,2025-04-20,Multiple vendor websites,project download host,source archive,distribution,"backdoor, remote access, data theft (potential)",1000,"Multiple versions of 21+ extensions from vendors Tigren, Meetanshi, MGS, potentially Weltpixel",,,"sha256:e8edc2b931eb5b24a6fdc705add5685ab88e268d7c5179cb42c235a8192b10c1, md5:c8ed5ee17d5c95dbe8a9c3c73dc7043c","https://tigren.com/m2/extensions/tigren-ajax-cart.zip, https://meetanshi.com/media/downloads/Meetanshi_SocialLogin-2.0.5.zip, https://magesolution.com/downloads/MGS_Fbuilder_v2.2.1.zip","https://sansec.io/research/magento-supply-chain-attack-vendor-extensions, https://twitter.com/gwillem/status/1519986321786552321, https://github.com/gwillem/magento-malware-scanner/blob/master/rules/backend.txt","https://www.bleepingcomputer.com/news/security/magento-supply-chain-attack-compromises-hundreds-of-e-stores/, https://sansec.io/research/magento-supply-chain-attack-vendor-extensions, https://gbhackers.com/hackers-exploit-21-apps-to-take-full-control/",
Picreel (via pop-up script),Picreel pop-up script delivered skimmer.,,Picreel (via pop-up script),,,,2019,2019-01-01,2019-05-01,picreel.com,project download host,source archive,dependency,"credential theft, data theft",,,,,,"Compromised JavaScript files served by Picreel to its clients via picreel.com, active around early 2019.","https://medium.com/sanguine-security-labs/popular-analytics-service-picreel-hacked-to-skim-credit-cards-f88b39905502 # Original Sanguine Labs (Sansec) analysis (Link confirmed dead, needs alternative or removal), https://www.bleepingcomputer.com/news/security/picreel-conversion-platform-hacked-to-steal-credit-cards/ # BleepingComputer report (Link confirmed dead, needs alternative or removal)","https://medium.com/sanguine-security-labs/popular-analytics-service-picreel-hacked-to-skim-credit-cards-f88b39905502 # Original Sanguine Labs (Sansec) analysis (Link confirmed dead, needs alternative), https://www.bleepingcomputer.com/news/security/picreel-conversion-platform-hacked-to-steal-credit-cards/ # BleepingComputer report (Link confirmed dead, needs alternative)",
Solarwinds Orion,SolarWinds Orion updates delivered widespread backdoors.,,Orion Platform 2019.4 HF5 update,Orion Platform,SolarWinds update package,,2020,2020-03-26,2020-06-04,solarwinds.com,project download host,binary archive,ci/cd,"backdoor, remote access, data theft",,"2019.4 HF5, 2019.4.5200.9083",,,"sha256:32519b85c0b422e4656de6e6c41878e95fd95026267daab4215ee59c107d6c77, md5:b91ce2fa41029f6955bff20079468448","https://downloads.solarwinds.com/solarwinds/v3/SolarWinds-Core-v2019.4.5200-Hotfix5.msp, https://customerportal.solarwinds.com/updates/Orion/2019.4/Hotfix/SolarWinds-Core-v2019.4.5200-Hotfix5.msp",,"https://www.cisa.gov/news-events/cybersecurity-advisories/aa20-352a, https://www.mandiant.com/resources/blog/sunburst-additional-technical-details, https://www.microsoft.com/en-us/security/blog/2020/12/18/analyzing-solorigate-the-compromised-dll-file-that-started-a-sophisticated-cyberattack/",Hashes identify SolarWinds.Orion.Core.BusinessLayer.dll from the SUNBURST-infected 2019.4 HF5 build.
Solarwinds Orion,SolarWinds Orion updates delivered widespread backdoors.,,Orion Platform 2020.2 RC1 update,Orion Platform,SolarWinds update package,,2020,2020-03-26,2020-06-04,solarwinds.com,project download host,binary archive,ci/cd,"backdoor, remote access, data theft",,"2020.2 RC1, 2020.2.100.12219",,,sha256:dab758bf98d9b36fa057a66cd0284737abf89857b73ca89280267ee7caf62f3b,https://downloads.solarwinds.com/solarwinds/v3/SolarWinds-Orion-NPM-2020.2.1-2020.2.100.12219-hotfix3.msp,,"https://www.cisa.gov/news-events/cybersecurity-advisories/aa20-352a, https://www.mandiant.com/resources/blog/sunburst-additional-technical-details, https://www.microsoft.com/en-us/security/blog/2020/12/18/analyzing-solorigate-the-compromised-dll-file-that-started-a-sophisticated-cyberattack/",Hash identifies SolarWinds.Orion.Core.BusinessLayer.dll from the SUNBURST-infected 2020.2 RC1 build.
Solarwinds Orion,SolarWinds Orion updates delivered widespread backdoors.,,Orion Platform 2020.2 RC2 update,Orion Platform,SolarWinds update package,,2020,2020-03-26,2020-06-04,solarwinds.com,project download host,binary archive,ci/cd,"backdoor, remote access, data theft",,"2020.2 RC2, 2020.2.5200.12394",,,sha256:019085a76ba7126fff22770d71bd901c325fc68ac55aa743327984e89f4b0134,,,"https://www.cisa.gov/news-events/cybersecurity-advisories/aa20-352a, https://www.mandiant.com/resources/blog/sunburst-additional-technical-details, https://www.microsoft.com/en-us/security/blog/2020/12/18/analyzing-solorigate-the-compromised-dll-file-that-started-a-sophisticated-cyberattack/",Hash identifies SolarWinds.Orion.Core.BusinessLayer.dll from the SUNBURST-infected 2020.2 RC2 build.
Solarwinds Orion,SolarWinds Orion updates delivered widespread backdoors.,,Orion Platform 2020.2 HF1 update,Orion Platform,SolarWinds update package,,2020,2020-03-26,2020-06-04,solarwinds.com,project download host,binary archive,ci/cd,"backdoor, remote access, data theft",,"2020.2 HF1, 2020.2.5300.12432",,,sha256:ce77d116a074dab7a22a0fd4f2c1ab475f16eec42e1ded3c0b0aa8211fe858d6,,,"https://www.cisa.gov/news-events/cybersecurity-advisories/aa20-352a, https://www.mandiant.com/resources/blog/sunburst-additional-technical-details, https://www.microsoft.com/en-us/security/blog/2020/12/18/analyzing-solorigate-the-compromised-dll-file-that-started-a-sophisticated-cyberattack/",Hash identifies SolarWinds.Orion.Core.BusinessLayer.dll from the SUNBURST-infected 2020.2 / 2020.2 HF1 build family.
Volusion (via Google Cloud Storage script),Volusion e-commerce sites skimmed via script.,,Volusion (via Google Cloud Storage script),,,,2019,2019-10-07,2019-10-09,storage.googleapis.com,cdn host,source archive,distribution,"credential theft, data theft",29500,,,,,//storage.googleapis.com/volusionapi/resources/volusion.js,"https://blog.trendmicro.com/trendlabs-security-intelligence/volusion-platform-compromised-by-magecart-attackers-to-skim-credit-card-details/, hxxps://www[.]gogogolo[.]com/pixel/pixel.js # Skimmer exfiltration domain",https://blog.trendmicro.com/trendlabs-security-intelligence/volusion-platform-compromised-by-magecart-attackers-to-skim-credit-card-details/,
FreeDownloadManager,FreeDownloadManager site served backdoored Linux version.,,FreeDownloadManager,,,,2020,2020-01-24,2022-01-01,freedownloadmanager.org,project download host,binary archive,distribution,"backdoor, credential theft, data theft",10000,Specific Linux Debian packages distributed via malicious redirect from freedownloadmanager.org between 2020-2022,,,"sha256:b77f63f14d0b2bde3f4f62f4323aad87194da11d71c117a487e18ff3f2cd468d, sha256:2214c7a0256f07ce7b7aab8f61ef9cbaff10a456c8b9f2a97d8f713abd660349, sha256:93358bfb6ee0caced889e94cd82f6f417965087203ca9a5fce8dc7f6e1b8a3ea, sha256:d73be6e13732d365412d71791e5eb1096c7bb13d6f7fd533d8c04392ca0b69b5",https://deb.fdmpkg.org/freedownloadmanager.deb,"https://securelist.com/backdoored-free-download-manager-linux-malware/110465/, https://www.virustotal.com/gui/file/b77f63f14d0b2bde3f4f62f4323aad87194da11d71c117a487e18ff3f2cd468d, https://www.virustotal.com/gui/file/2214c7a0256f07ce7b7aab8f61ef9cbaff10a456c8b9f2a97d8f713abd660349, https://www.virustotal.com/gui/file/93358bfb6ee0caced889e94cd82f6f417965087203ca9a5fce8dc7f6e1b8a3ea, https://www.virustotal.com/gui/file/d73be6e13732d365412d71791e5eb1096c7bb13d6f7fd533d8c04392ca0b69b5","https://securelist.com/backdoored-free-download-manager-linux-malware/110465/, https://thehackernews.com/2023/09/free-download-manager-site-compromised.html, https://www.bleepingcomputer.com/news/security/free-download-manager-website-hacked-to-spread-linux-malware/, https://www.freedownloadmanager.org/blog/fdm-vulnerability-disclosure/",
Aisino,Chinese tax software installed GoldenSpy backdoor.,,Aisino,,,,2020,2020-04-01,2020-06-28,i-xinnuo.com,project download host,binary archive,source,backdoor,1000,"Multiple versions of Aisino Intelligent Tax software containing GoldenSpy module, active in 2020",,,"sha256:c1d7873a21d28ba995725f958741948f0d750b1e18311341682b56f257025642, sha256:1536924c856093919f4f697f83225471094e4868131226a996d75a738080b0e6, sha256:5953fc590db6ab347840ccbf10f09a0b1bb48d38309067a1d65c34cb3ce82f4b, sha256:aabbccddeeff00112233445566778899aabbccddeeff00112233445566778899",http://download.i-xinnuo.com/products/IntelligentTaxSetup.exe,"https://www.trustwave.com/en-us/resources/blogs/spiderlabs-blog/goldenspy-whos-really-pulling-the-strings/, https://www.virustotal.com/gui/file/c1d7873a21d28ba995725f958741948f0d750b1e18311341682b56f257025642, https://www.virustotal.com/gui/file/1536924c856093919f4f697f83225471094e4868131226a996d75a738080b0e6, https://www.virustotal.com/gui/file/5953fc590db6ab347840ccbf10f09a0b1bb48d38309067a1d65c34cb3ce82f4b, https://bazaar.abuse.ch/browse.php?search=tag%3AGoldenSpy","https://www.zdnet.com/article/chinese-bank-forced-western-companies-to-install-malware-laced-tax-software/, https://attack.mitre.org/software/S0493/, https://www.trustwave.com/en-us/resources/blogs/spiderlabs-blog/goldenspy-whos-really-pulling-the-strings/, https://www.crowdstrike.com/blog/goldenspy-supply-chain-attack-hits-organizations-operating-in-china/",
Twilio TaskRouter JS SDK,Twilio SDK hosted on S3 delivered malicious code.,,Twilio TaskRouter JS SDK,,,,2020,2020-07-19T20:12:00Z,2020-07-20T05:30:00Z,twiliocdn.com,project download host,source archive,distribution,"malvertising, skimming (potential)",,TaskRouter JS SDK v1.20,,,,https://media.twiliocdn.com/taskrouter/js/v1.20/taskrouter.min.js,"https://www.twilio.com/en-us/blog/incident-report-taskrouter-js-sdk-july-2020, https://www.theregister.com/2020/07/21/twilio_javascript_sdk_code_injection/, https://www.scworld.com/news/misconfigured-s3-exposes-twilio-users-to-magecart-attack/, hxxps://gold[.]platinumus[.]top/track/awswrite?q=dmn # Malicious URL loaded by compromised SDK, SRI sha384:n+W3iUCPkW2u64HjqHqOaSFKB6k4BIYw4Fy8BuxDNkrWcCvd9fwnyZKwYjkxqphy # Legitimate taskrouter.min.js v1.20, base64-encoded SHA384 from Twilio advisory","https://www.twilio.com/en-us/blog/incident-report-taskrouter-js-sdk-july-2020, https://www.theregister.com/2020/07/21/twilio_javascript_sdk_code_injection/, https://www.scworld.com/news/misconfigured-s3-exposes-twilio-users-to-magecart-attack/, https://www.securityhq.com/blog/security-101-compromised-aws-s3-buckets/",
vgca,Vietnam Government Certificate Authority website served backdoored installers,,VGCA x86 signing toolkit installer,gca01-client-v2-x32,Windows MSI,,2020,2020-07-23,2020-08-16,ca.gov.vn,project download host,binary archive,distribution,"backdoor, espionage",,8.3,,,,https://ca.gov.vn/,,"https://www.welivesecurity.com/2020/12/17/operation-signsight-supply-chain-attack-southeast-asia/, https://www.eset.com/sg/about/newsroom/press-releases1/announcements/eset-discovers-operation-signsight-supply-chain-attack/, https://www.zdnet.com/article/vietnam-targeted-in-complex-supply-chain-attack/",The published filename was gca01-client-v2-x32-8.3.msi; hashes remain at the attack level because the current record does not map each SHA1 to installer or payload.
vgca,Vietnam Government Certificate Authority website served backdoored installers,,VGCA x64 signing toolkit installer,gca01-client-v2-x64,Windows MSI,,2020,2020-07-23,2020-08-16,ca.gov.vn,project download host,binary archive,distribution,"backdoor, espionage",,8.3,,,,https://ca.gov.vn/,,"https://www.welivesecurity.com/2020/12/17/operation-signsight-supply-chain-attack-southeast-asia/, https://www.eset.com/sg/about/newsroom/press-releases1/announcements/eset-discovers-operation-signsight-supply-chain-attack/, https://www.zdnet.com/article/vietnam-targeted-in-complex-supply-chain-attack/",The published filename was gca01-client-v2-x64-8.3.msi; hashes remain at the attack level because the current record does not map each SHA1 to installer or payload.
NoxPlayer,NoxPlayer updates distributed targeted malware.,,NoxPlayer,,,,2020,2020-09-01,2021-01-25,api.bignox.com,project download host,binary archive,distribution,"backdoor, remote access, spyware",5,"Not specific versions of NoxPlayer itself, but its update mechanism was used.",,,,"Malicious updates delivered via BigNox's update infrastructure (e.g., api.bignox.com, res06.bignox.com) to targeted users.","https://securelist.com/operation-noxplayer/100644/ # Original Securelist (Kaspersky) analysis (Link confirmed dead, needs alternative or removal), https://www.eset.com/int/about/newsroom/press-releases/research/eset-discovers-operation-noxplayer-supply-chain-attack-infiltrates-gaming-community-in-asia/ # Original ESET Press Release (Link confirmed dead, needs alternative or removal)","https://securelist.com/operation-noxplayer/100644/ # Original Kaspersky report (Link confirmed dead, needs alternative), https://www.eset.com/int/about/newsroom/press-releases/research/eset-discovers-operation-noxplayer-supply-chain-attack-infiltrates-gaming-community-in-asia/ # Original ESET press release (Link confirmed dead, needs alternative)",
Able Desktop,Able Desktop installer distributed malware,,Able Desktop,,,,2020,2020-11-01,2020-12-31,able.co.kr,project download host,binary archive,distribution,remote access,30000,Able Desktop 3.5.2,,,,http://download.able.co.kr/abledesktop/AbleDesktopSetup_3.5.2.exe,,"https://securelist.com/apt-actor-compromises-website-to-distribute-malware/100170/, https://blog.malwarebytes.com/threat-analysis/2021/01/able-desktop-supply-chain/",
VeraPort (WIZVERA),VeraPort plugin pushed malware South Korea.,,VeraPort (WIZVERA),,,,2020,2020-11-01,2020-12-31,wizvera.com,project download host,binary archive,distribution,"backdoor, credential theft, malware deployment",,Various versions active during the compromise period,,,,"VeraPort software from wizvera.com, whose plugin update mechanism was abused to distribute malware to users in South Korea during late 2020.",https://blog.alyac.co.kr/3547 (Korean - details VeraPort related malware distribution),https://blog.alyac.co.kr/3547 (Korean - details VeraPort related malware distribution),
codecov,Codecov Bash Uploader compromised via CI/CD,,codecov,,,https://github.com/codecov/codecov-bash,2021,2021-01-31,2021-04-01,codecov.io,project download host,source code,ci/cd,"credential theft, data theft",,,,373961d648b96a1402514e4e457746d67f782a83,sha256:6730a44f191168573710105178477116f718333b6de1f008ff811066c424bb59,"https://codecov.io/bash, https://raw.githubusercontent.com/codecov/codecov-bash/master/codecov, https://codecov.s3.amazonaws.com/bash/codecov","https://github.com/codecov/codecov-bash/blob/373961d648b96a1402514e4e457746d67f782a83/codecov, https://about.codecov.io/security-update/compromised-bash-uploader/, https://github.com/codecov/codecov-bash/commit/373961d648b96a1402514e4e457746d67f782a83",https://about.codecov.io/security-update/,
monpass,MonPass Mongolian CA distributed Cobalt Strike-laced installer,,monpass,,,,2021,2021-02-08,2021-03-03,int.monpass.mn,vendor,binary archive,distribution,"backdoor, remote access",,,,,,,,"https://www.gendigital.com/blog/insights/research/backdoored-client-from-mongolian-ca-monpass, https://www.bleepingcomputer.com/news/security/mongolian-certificate-authority-monpass-breached-website-served-malware/, https://thehackernews.com/2021/07/mongolian-certificate-authority-hacked.html",
Passwordstate,Passwordstate update pushed Moserpass credential stealer.,,Passwordstate,,,,2021,2021-04-20T20:33:00Z,2021-04-22T00:30:00Z,clickstudios.com.au,project download host,binary archive,distribution,"credential theft, data exfiltration",1000,"Passwordstate In-Place Upgrades performed between Apr 20 20:33 UTC and Apr 22 00:30 UTC, 2021",,,"sha256:502bf5e87e1809e6b2317888fab546aa1d22389922d83bb81a35b602ed12c23e, sha256:e5ca693512ae940f1058ef2ffb6a3cb560661a9e5b78e9fea7a25dee4c7f65a9, sha256:3559ef72396bc0bf5e8874cf5710a5aa0eef72c4b27af32e1f72ed5bacf9a271","https://passwordstate-18667.kxcdn.com/passwordstate/upgrades/Passwordstate_upgrade.zip, https://updates.clickstudios.com.au/passwordstate/upgrades/Passwordstate_upgrade.zip","https://www.virustotal.com/gui/file/502bf5e87e1809e6b2317888fab546aa1d22389922d83bb81a35b602ed12c23e, Original CSIS Group analysis (link dead): https://www.csis.dk/newsroom-blog-overview/2021/moserpass/, Original ESET IoC link (link dead): https://github.com/eset/malware-ioc/tree/master/moserpass","https://www.csis.dk/newsroom-blog-overview/2021/moserpass/ # CSIS Group analysis (Link confirmed dead, needs alternative), https://www.bleepingcomputer.com/news/security/passwordstate-password-manager-breached-via-supply-chain-attack/ # (Link confirmed dead, needs alternative), https://socprime.com/blog/passwordstate-supply-chain-attack-exposes-29k-companies-to-the-risk-of-compromise/ # (Link confirmed dead, needs alternative), https://www.clickstudios.com.au/passwordstate-supply-chain-attack-information.html # Original vendor advisory page (Link confirmed dead/server error, needs alternative)",
Kaseya VSA,Kaseya VSA distributed REvil ransomware,,Kaseya VSA,,,,2021,2021-07-02,2021-07-11,kaseya.com,project download host,binary archive,ci/cd,ransomware,1500,9.5.7.2994,,,"sha256:d55f983c994caa160ec63a59f6b4250fe67fb3e8c43a388aec60a4a6978e9f1e, sha256:e2a24ab94f865caeacdf2c3ad015f31f23008ac6db8312c2cbfb32e4a5466ea2, sha256:8dd620d9aeb35960bb766458c8890ede987c33d239cf730f93fe49d90ae759dd, sha256:0496ca57e387b10dbc85000f66a0bc8d47b710f9be26d11cd69051219fb4c070","https://update.kaseya.net/vsa/agent/hotfix, https://vsaupdate.kaseya.net/vsa/agent.crt, https://vsaupdate.kaseya.net/vsa/agent.exe","https://community.sophos.com/sophos-labs/b/blog/posts/inside-a-revil-ransomware-attack, https://thehackernews.com/2021/07/how-kaseya-vsas-1-day-exploit-was.html, https://www.virustotal.com/gui/file/d55f983c994caa160ec63a59f6b4250fe67fb3e8c43a388aec60a4a6978e9f1e, https://github.com/curated-intel/Kaseya-Breach-Repository, https://www.mandiant.com/resources/blog/kaseya-supply-chain-attack-what-we-know, https://www.huntress.com/blog/kaseya-vsa-supply-chain-attack-what-we-know-so-far, https://www.huntress.com/blog/rapid-response-kaseya-vsa-mass-msp-ransomware-incident","https://www.cisa.gov/news-events/cybersecurity-advisories/aa21-201a, https://helpdesk.kaseya.com/hc/en-gb/articles/4403440684689-Kaseya-VSA-Security-Incident, https://www.mandiant.com/resources/blog/kaseya-supply-chain-attack-what-we-know, https://www.huntress.com/blog/kaseya-vsa-supply-chain-attack-what-we-know-so-far, https://www.huntress.com/blog/rapid-response-kaseya-vsa-mass-msp-ransomware-incident",
X_TRADER,Trading Technologies X_TRADER software delivered backdoor.,,X_TRADER,,,,2021,2021-11-01,2022-07-26,tradingtechnologies.com,project download host,binary archive,distribution,"backdoor, remote access",97,"Specific X_TRADER installer versions available Nov 2021 - July 2022 (e.g., X_TRADER_r7.17.90p608.exe)",,,"md5:ef4ab22e565684424b4142b1294f1f4d, sha256:88968c9f1de3c41c54a025a0f51a818c1a0b0c98e7affe0ea0aa0ad6e441fc46, sha256:8c9395a019def2cc80a0320a1285ccc4cb1cd73ecb89886a1c03da5aaf5db0a3","https://tradingtechnologies.com/x-trader/downloads/X_TRADER_r7.17.90p608.exe, https://www.tradingtechnologies.com/legacy-downloads/X_TRADER%20Pro%207.17.10.exe, https://downloads.tradingtechnologies.com/trading-software/x-trader/legacy/setup.exe",https://www.virustotal.com/gui/file/ef4ab22e565684424b4142b1294f1f4d,"https://cloud.google.com/blog/topics/threat-intelligence/3cx-software-supply-chain-compromise, https://www.securityweek.com/cascading-supply-chain-attack-3cx-hacked-after-employee-downloaded-trojanized-app/, https://www.cybersecuritydive.com/news/3cx-x-trader-symantec-supply-chain/648414/, https://www.zetter-zeroday.com/software-maker-3cx-was-compromised/",
fantasy-agrius,Agrius pushed Fantasy wiper through Israeli diamond-industry software update,,fantasy-agrius,,,,2022,2022-02-20,2022-03-12,,vendor,binary archive,distribution,data destruction,,,,,,,,"https://www.welivesecurity.com/2022/12/07/fantasy-new-agrius-wiper-supply-chain-attack/, https://thehackernews.com/2022/12/iranian-agrius-apt-targets-diamond.html, https://www.bleepingcomputer.com/news/security/iranian-hackers-deploy-new-fantasy-malware-in-supply-chain-attack/",
spam,spam PyPI package compromised via phishing.,,spam,,,,2022,2022-08-01,2022-08-31,pypi.org,package host,source archive,distribution,"infostealer, credential theft",200000,"2.0.2, 4.0.2",,,sha256:60434af3ebe924efabc96558e6c8d8176bf4eb06dd6cc47b4c491da9964be874,"https://pypi.org/project/spam/, 2.0.2, 4.0.2","https://checkmarx.com/blog/first-known-phishing-attack-against-pypi-users/, https://www.virustotal.com/gui/file/60434af3ebe924efabc96558e6c8d8176bf4eb06dd6cc47b4c491da9964be874","https://checkmarx.com/blog/first-known-phishing-attack-against-pypi-users/, https://www.sentinelone.com/labs/pypi-phishing-campaign-juiceledger-threat-actor-pivots-from-fake-apps-to-supply-chain-attacks/, https://www.itpro.com/security/phishing/368899/pypi-packages-succumb-to-mailchimp-phishing-scam",
Comm100,Comm100 chat installer delivered backdoor malware.,,Comm100,,,,2022,2022-09-27,2022-09-29,comm100.com,project download host,binary archive,distribution,"backdoor, remote access",1000,"Comm100LiveChat-Setup-win.exe versions 10.0.7, 10.0.8",,,"sha256:6f0fae95f5637710d1464b42ba49f9533443181262f78805d3ff13bea3b8fd45, sha256:ac5c0823d623a7999f0db345611084e0a494770c3d6dd5feeba4199deee82b86","https://s1.comm100.com/livechat/electron/10.0.7/Comm100LiveChat-Setup-win.exe, https://s1.comm100.com/livechat/electron/10.0.8/Comm100LiveChat-Setup-win.exe, https://www.comm100.com/livechat/platform/desktopapp/Comm100LiveChatSetup.exe","https://www.crowdstrike.com/blog/crowdstrike-detects-supply-chain-attack-targeting-comm100-customers/, https://www.virustotal.com/gui/file/6f0fae95f5637710d1464b42ba49f9533443181262f78805d3ff13bea3b8fd45, https://www.virustotal.com/gui/file/ac5c0823d623a7999f0db345611084e0a494770c3d6dd5feeba4199deee82b86","https://www.crowdstrike.com/blog/crowdstrike-detects-supply-chain-attack-targeting-comm100-customers/, https://www.cyber.gc.ca/en/alerts-advisories/supply-chain-compromise-impacting-comm100-live-chat-software, https://therecord.media/report-commercial-chat-provider-hijacked-to-spread-malware-in-supply-chain-attack, https://socradar.io/comm100-installer-abused-in-supply-chain-attack-to-distribute-malware/",
3CX,3CX app updates delivered multi-stage malware.,,3CX Desktop App for Windows,3CXDesktopApp,Windows installer,,2022,2022-12-07,2023-03-30,3cx.com,project download host,binary archive,ci/cd,"backdoor, data theft, remote access",,"18.12.407, 18.12.416",,,"sha256:53a44c2396d15c3a03723fa5e5db54cafd527b9eceb8f99aeffcf6f8c609e5f4, sha256:2b5fe5a62855dc3e818d0d1359e0ba773bdd2ec3fa3a770be87b4dd6baf02c43","https://downloads.3cx.com/downloads/3CXDesktopApp-18.12.407.msi, https://downloads.3cx.com/downloads/3CXDesktopApp-18.12.416.msi",,"https://www.mandiant.com/resources/blog/3cx-software-supply-chain-compromise, https://www.volexity.com/blog/2023/03/30/3cx-supply-chain-compromise-leads-to-iconic-incident/, https://www.cisa.gov/news-events/cybersecurity-advisories/aa23-090a",
3CX,3CX app updates delivered multi-stage malware.,,3CX Desktop App for macOS,3CXDesktopApp,macOS disk image,,2022,2022-12-07,2023-03-30,3cx.com,project download host,binary archive,ci/cd,"backdoor, data theft, remote access",,"18.11.1213, 18.12.402, 18.12.407, 18.12.416",,,"sha256:e3364af12a49468c61480c2f7c76a593ea6cb89bedc86b3f9b989697c08977be, sha256:7145fbd6ccce5469270baa43ea5dcb323f64d0ca0ee210ac9ba7e2c3ea3162e5","https://downloads.3cx.com/downloads/3CXDesktopApp-18.12.407.dmg, https://downloads.3cx.com/downloads/3CXDesktopApp-18.12.416.dmg",,"https://www.mandiant.com/resources/blog/3cx-software-supply-chain-compromise, https://www.volexity.com/blog/2023/03/30/3cx-supply-chain-compromise-leads-to-iconic-incident/, https://www.cisa.gov/news-events/cybersecurity-advisories/aa23-090a",
CyberLink,CyberLink installer compromised to distribute malware.,,CyberLink,,,,2023,2023-10-20,2023-11-22,cyberlink.com,project download host,binary archive,distribution,"backdoor, remote access",100,"Specific CyberLink application installers (e.g., Promeo reported) active around Oct/Nov 2023",,,"sha256:166d1a6ddcde4e859a89c2c825cd3c8c953a86bfa92b343de7e5bfbfb5afb8be, sha256:089573b3a1167f387dcdad5e014a5132e998b2c89bff29bcf8b06dd497d4e63d, sha256:915c2495e03ff7408f11a2a197f23344004c533ff87db4b807cc937f80c217a1","https://update.cyberlink.com/Retail/Promeo/RDZCMSFY1ELY/CyberLink_Promeo_Downloader.exe, https://update.cyberlink.com/Retail/Patch/Promeo/DL/RDZCMSFY1ELY/CyberLink_Promeo_Downloader.exe","https://www.microsoft.com/en-us/security/blog/2023/11/22/diamond-sleet-supply-chain-compromise-distributes-a-modified-cyberlink-installer/, https://www.virustotal.com/gui/file/166d1a6ddcde4e859a89c2c825cd3c8c953a86bfa92b343de7e5bfbfb5afb8be, https://www.virustotal.com/gui/file/089573b3a1167f387dcdad5e014a5132e998b2c89bff29bcf8b06dd497d4e63d, https://www.virustotal.com/gui/file/915c2495e03ff7408f11a2a197f23344004c533ff87db4b807cc937f80c217a1","https://www.microsoft.com/en-us/security/blog/2023/11/22/diamond-sleet-supply-chain-compromise-distributes-a-modified-cyberlink-installer/, https://thehackernews.com/2023/11/north-korean-hackers-distribute.html, https://www.bleepingcomputer.com/news/security/microsoft-north-korean-hackers-breached-cyberlink-in-supply-chain-attack/",
anydesk,AnyDesk Production Environment Breach (2024),,anydesk,,,,2024,2024-01-29,2024-02-02,anydesk.com,vendor,application,production,"data leak, certificate theft",18000,,,,,,,https://thehackernews.com/2024/02/anydesk-hit-by-cyber-attack-hackers.html,
Justice AV Solutions (JAVS) Viewer,JAVS Viewer installer distributed backdoor.,,Justice AV Solutions (JAVS) Viewer,,,,2024,2024-02-01,2024-05-10,javs.com,project download host,binary archive,distribution,"backdoor, remote access, data theft",,JAVS Viewer 8.3.7 (specific build 8.3.7.250-1),,,"sha256:543ea993454380f8152e2838d27ad78803083d953701349516c288069056f101, sha256:a5e24c10d595969858af422c6dff6bed5f9c6c49dc9622d694327323d8a57d72, sha256:fe408e2df48237b11cb724fa51b6d5e9c74c8f5d5b2955c22962095c7ed70b2c, sha256:f8a734d5e7a7b99b29182dddf804d5daa9d876bf39ce7a04721794367a73da51, sha256:4f0ca76987edfe00022c8b9c48ad239229ea88532e2b7a7cd6811ae353cd1eda, sha256:d8def4437bd76279ec6351b65156d670ec0fed24d904e6648de536fed1061671, sha256:c65ee0f73f53b287654b6446ffe7264e0d93b24302e7f0036f5e7db3748749b9","JAVS Viewer Setup 8.3.7.250-1.exe downloaded from javs.com (e.g., https://www.javs.com/download/45819/ as observed by Rapid7 hosting one malicious variant).","https://www.rapid7.com/blog/post/2024/05/23/cve-2024-4978-backdoored-justice-av-solutions-viewer-software-used-in-apparent-supply-chain-attack/, https://www.virustotal.com/gui/file/543ea993454380f8152e2838d27ad78803083d953701349516c288069056f101, https://www.virustotal.com/gui/file/a5e24c10d595969858af422c6dff6bed5f9c6c49dc9622d694327323d8a57d72, https://www.virustotal.com/gui/file/fe408e2df48237b11cb724fa51b6d5e9c74c8f5d5b2955c22962095c7ed70b2c","https://www.rapid7.com/blog/post/2024/05/23/cve-2024-4978-backdoored-justice-av-solutions-viewer-software-used-in-apparent-supply-chain-attack/, https://nvd.nist.gov/vuln/detail/CVE-2024-4978, https://www.cisa.gov/news-events/alerts/2024/05/29/cisa-adds-one-known-exploited-vulnerability-kev-catalog",
IPany VPN,South Korean IPany VPN installer backdoored.,,IPany VPN,,,,2024,2024-05-01,2024-05-31,ipany.co.kr,project download host,binary archive,distribution,"backdoor, data theft, remote access",,Specific NSIS installer version available on ipany.co.kr during the compromise period in May 2024.,,,sha1:33a239a061f8194195125e51e43051594df3e93a,"Trojanized NSIS installer for IPany VPN, downloaded from ipany.co.kr during May 2024.","https://www.eset.com/us/about/newsroom/press-releases/eset-discovers-new-china-aligned-apt-group-plushdaemon-and-its-supply-chain-attack-on-south-korean-vpn-service/, https://www.welivesecurity.com/en/eset-research/plushdaemon-china-aligned-group-backdoors-south-korean-vpn/","https://www.eset.com/us/about/newsroom/press-releases/eset-discovers-new-china-aligned-apt-group-plushdaemon-and-its-supply-chain-attack-on-south-korean-vpn-service/, https://www.bleepingcomputer.com/news/security/hackers-backdoor-south-korean-vpn-installer-with-feature-rich-malware/, https://www.welivesecurity.com/en/eset-research/plushdaemon-china-aligned-group-backdoors-south-korean-vpn/",
KSystem ERP,KSystem ERP update program compromised.,,KSystem ERP,,,,2024,2024-05-01,2024-05-31,ksystem.co.kr,project download host,binary archive,distribution,"data theft, remote access, backdoor",,,,,"md5:ab8675b4943bc25a51da66565cfc8ac8, md5:f24627f46ec64cae7a6fa9ee312c43d7, md5:ad96a8f22faab8b9c361cfccc381cd28, md5:9bbde4484821335d98b41b44f93276e8, md5:11465d02b0d7231730f3c4202b0400b8, md5:2e325935b2d1d0a82e63ff2876482956","devout.ksystem.co.kr, ClientUpdater.exe (via KSystem ERP update mechanism)","https://www.virustotal.com/gui/file/ab8675b4943bc25a51da66565cfc8ac8, https://www.virustotal.com/gui/file/f24627f46ec64cae7a6fa9ee312c43d7, https://www.virustotal.com/gui/file/ad96a8f22faab8b9c361cfccc381cd28, https://www.virustotal.com/gui/file/9bbde4484821335d98b41b44f93276e8","https://blog.ksystem.co.kr/%EB%B3%B4%EC%95%88%EC%B9%A8%ED%95%B4%EB%B0%A9%EC%A7%80%EB%A5%BC-%EC%9C%84%ED%95%9C-%EC%B7%A8%EC%95%BD%EC%84%B1-%EC%A0%90%EA%B2%80-%EC%A1%B0%EC%B9%98-%EC%95%88%EB%82%B4/?ckattempt=1, https://asec.ahnlab.com/en/74835/",
Conceptworld,"Conceptworld installers trojanized, data theft.",,Notezilla x64 installer,NotezillaSetup.exe,Windows installer,,2024,2024-06-07,2024-06-24,conceptworld.com,project download host,binary archive,distribution,"credential theft, cryptocurrency theft, data theft, remote access",,,,,sha256:6F49756749D175058F15D5F3C80C8A7D46E80EC3E5EB9FB31F4346ABDB72A0E7,http://conceptworld.com/NotezillaSetup.exe,,"https://thehackernews.com/2024/07/indian-software-firms-products-hacked.html, https://www.rapid7.com/blog/post/2024/06/27/supply-chain-compromise-leads-to-trojanized-installers-for-notezilla-recentx-copywhiz/",
Conceptworld,"Conceptworld installers trojanized, data theft.",,Notezilla x86 installer,NotezillaSetup32.exe,Windows installer,,2024,2024-06-07,2024-06-24,conceptworld.com,project download host,binary archive,distribution,"credential theft, cryptocurrency theft, data theft, remote access",,,,,sha256:BFA99C41AECC814DE5B9EB8397A27E516C8B0A4E31EDD9ED1304DA6C996B4AAA,http://conceptworld.com/NotezillaSetup32.exe,,"https://thehackernews.com/2024/07/indian-software-firms-products-hacked.html, https://www.rapid7.com/blog/post/2024/06/27/supply-chain-compromise-leads-to-trojanized-installers-for-notezilla-recentx-copywhiz/",
Conceptworld,"Conceptworld installers trojanized, data theft.",,RecentX x64 installer,RecentXSetup.exe,Windows installer,,2024,2024-06-07,2024-06-24,conceptworld.com,project download host,binary archive,distribution,"credential theft, cryptocurrency theft, data theft, remote access",,,,,sha256:2EAE4F06F2C376C6206C632AC93F4E8C4B3E0E63ECA3118E883F8AC479B2F852,http://conceptworld.com/RecentXSetup.exe,,"https://thehackernews.com/2024/07/indian-software-firms-products-hacked.html, https://www.rapid7.com/blog/post/2024/06/27/supply-chain-compromise-leads-to-trojanized-installers-for-notezilla-recentx-copywhiz/",
Conceptworld,"Conceptworld installers trojanized, data theft.",,RecentX x86 installer,RecentXSetup32.exe,Windows installer,,2024,2024-06-07,2024-06-24,conceptworld.com,project download host,binary archive,distribution,"credential theft, cryptocurrency theft, data theft, remote access",,,,,sha256:048CAE10558CDDFB2CF0ADE25F1101909BBA58D0A448E0D78590CC5E64E95127,http://conceptworld.com/RecentXSetup32.exe,,"https://thehackernews.com/2024/07/indian-software-firms-products-hacked.html, https://www.rapid7.com/blog/post/2024/06/27/supply-chain-compromise-leads-to-trojanized-installers-for-notezilla-recentx-copywhiz/",
Conceptworld,"Conceptworld installers trojanized, data theft.",,Copywhiz x64 installer,CopywhizSetup.exe,Windows installer,,2024,2024-06-07,2024-06-24,conceptworld.com,project download host,binary archive,distribution,"credential theft, cryptocurrency theft, data theft, remote access",,,,,sha256:4DF9B7DA9590990230ED2AB9B4C3D399CF770ED7F6C36A8A10285375FD5A292F,http://conceptworld.com/CopywhizSetup.exe,,"https://thehackernews.com/2024/07/indian-software-firms-products-hacked.html, https://www.rapid7.com/blog/post/2024/06/27/supply-chain-compromise-leads-to-trojanized-installers-for-notezilla-recentx-copywhiz/",
Conceptworld,"Conceptworld installers trojanized, data theft.",,Copywhiz x86 installer,CopywhizSetup32.exe,Windows installer,,2024,2024-06-07,2024-06-24,conceptworld.com,project download host,binary archive,distribution,"credential theft, cryptocurrency theft, data theft, remote access",,,,,sha256:EBF2B84ED64629242F8D0ABFCA73344736205249539474E8F57D1D3DBE8CCC41,http://conceptworld.com/CopywhizSetup32.exe,,"https://thehackernews.com/2024/07/indian-software-firms-products-hacked.html, https://www.rapid7.com/blog/post/2024/06/27/supply-chain-compromise-leads-to-trojanized-installers-for-notezilla-recentx-copywhiz/",
Procolored,Procolored printer software downloads contained malware,,v11 Pro DTO software downloads,v11 Pro DTO,Procolored website download,,2024,2024-10-01,2025-05-08,procolored.com,product host,binary archive,distribution,"backdoor, credential theft, file infection",,,,,,,https://mega.nz/folder/TNAWTDKL#zR5Atn68a807Qn17FjXFxA,"https://www.hackster.io/news/the-maker-s-toolbox-procolored-v11-pro-dto-uv-printer-review-680d491e17e3, https://blog.gdatasoftware.com/2025/05/38200-printer-infected-software-downloads, https://www.bleepingcomputer.com/news/security/printer-maker-procolored-offered-malware-laced-drivers-for-months/, https://www.reddit.com/r/computerviruses/comments/1kbkmgq/viruses_included_in_product_im_reviewing/, https://www.howtogeek.com/procolored-malware-infected-drivers/, https://www.neowin.net/news/this-printer-company-served-you-malware-for-months-and-dismissed-it-as-false-positives/",G DATA reported six Procolored product download folders on Mega; shared malware hashes remain at the attack level because not every hash is mapped to a product folder. Hackster's review is the primary first-hand account of the vendor-supplied USB media finding.
Procolored,Procolored printer software downloads contained malware,,F8 software downloads,F8,Procolored website download,,2024,2024-10-01,2025-05-08,procolored.com,product host,binary archive,distribution,"backdoor, credential theft, file infection",,,,,,,https://mega.nz/folder/zBgEiY4K#veoSD-6LgC12yZdqs1G_Ow,"https://www.hackster.io/news/the-maker-s-toolbox-procolored-v11-pro-dto-uv-printer-review-680d491e17e3, https://blog.gdatasoftware.com/2025/05/38200-printer-infected-software-downloads, https://www.bleepingcomputer.com/news/security/printer-maker-procolored-offered-malware-laced-drivers-for-months/, https://www.reddit.com/r/computerviruses/comments/1kbkmgq/viruses_included_in_product_im_reviewing/, https://www.howtogeek.com/procolored-malware-infected-drivers/, https://www.neowin.net/news/this-printer-company-served-you-malware-for-months-and-dismissed-it-as-false-positives/",
Procolored,Procolored printer software downloads contained malware,,F13 Pro software downloads,F13 Pro,Procolored website download,,2024,2024-10-01,2025-05-08,procolored.com,product host,binary archive,distribution,"backdoor, credential theft, file infection",,,,,,,https://mega.nz/folder/3MBG0Rra#eebBaK_Fu6bJs3ZBIhUFiQ,"https://www.hackster.io/news/the-maker-s-toolbox-procolored-v11-pro-dto-uv-printer-review-680d491e17e3, https://blog.gdatasoftware.com/2025/05/38200-printer-infected-software-downloads, https://www.bleepingcomputer.com/news/security/printer-maker-procolored-offered-malware-laced-drivers-for-months/, https://www.reddit.com/r/computerviruses/comments/1kbkmgq/viruses_included_in_product_im_reviewing/, https://www.howtogeek.com/procolored-malware-infected-drivers/, https://www.neowin.net/news/this-printer-company-served-you-malware-for-months-and-dismissed-it-as-false-positives/",
Procolored,Procolored printer software downloads contained malware,,V6 software downloads,V6,Procolored website download,,2024,2024-10-01,2025-05-08,procolored.com,product host,binary archive,distribution,"backdoor, credential theft, file infection",,,,,,,https://mega.nz/folder/yEBVBbwY#0qxlY0S_DXosumSxP38nVg,"https://www.hackster.io/news/the-maker-s-toolbox-procolored-v11-pro-dto-uv-printer-review-680d491e17e3, https://blog.gdatasoftware.com/2025/05/38200-printer-infected-software-downloads, https://www.bleepingcomputer.com/news/security/printer-maker-procolored-offered-malware-laced-drivers-for-months/, https://www.reddit.com/r/computerviruses/comments/1kbkmgq/viruses_included_in_product_im_reviewing/, https://www.howtogeek.com/procolored-malware-infected-drivers/, https://www.neowin.net/news/this-printer-company-served-you-malware-for-months-and-dismissed-it-as-false-positives/",
Procolored,Procolored printer software downloads contained malware,,V11 Pro software downloads,V11 Pro,Procolored website download,,2024,2024-10-01,2025-05-08,procolored.com,product host,binary archive,distribution,"backdoor, credential theft, file infection",,,,,,,https://mega.nz/folder/zM413Jbb#crz2GQgj2EFAut4vxfS8Ag,"https://www.hackster.io/news/the-maker-s-toolbox-procolored-v11-pro-dto-uv-printer-review-680d491e17e3, https://blog.gdatasoftware.com/2025/05/38200-printer-infected-software-downloads, https://www.bleepingcomputer.com/news/security/printer-maker-procolored-offered-malware-laced-drivers-for-months/, https://www.reddit.com/r/computerviruses/comments/1kbkmgq/viruses_included_in_product_im_reviewing/, https://www.howtogeek.com/procolored-malware-infected-drivers/, https://www.neowin.net/news/this-printer-company-served-you-malware-for-months-and-dismissed-it-as-false-positives/",
Procolored,Procolored printer software downloads contained malware,,VF13 Pro software downloads,VF13 Pro,Procolored website download,,2024,2024-10-01,2025-05-08,procolored.com,product host,binary archive,distribution,"backdoor, credential theft, file infection",,,,,,,https://mega.nz/folder/eMxjWAgT#r1YEU0KYupfcoBKQQrenSQ,"https://www.hackster.io/news/the-maker-s-toolbox-procolored-v11-pro-dto-uv-printer-review-680d491e17e3, https://blog.gdatasoftware.com/2025/05/38200-printer-infected-software-downloads, https://www.bleepingcomputer.com/news/security/printer-maker-procolored-offered-malware-laced-drivers-for-months/, https://www.reddit.com/r/computerviruses/comments/1kbkmgq/viruses_included_in_product_im_reviewing/, https://www.howtogeek.com/procolored-malware-infected-drivers/, https://www.neowin.net/news/this-printer-company-served-you-malware-for-months-and-dismissed-it-as-false-positives/",
sqgame,ScarCruft compromised sqgame distributing BirdCall.,,sqgame,,,,2024,2024-10-01,Ongoing,sqgame.com,project download host,binary archive,distribution,"backdoor, data theft, remote access",1000,"BirdCall 1.0, BirdCall 1.3, BirdCall 1.5, BirdCall 2.0",,,"sha1:01A33066FBC6253304C92760916329ABD50C3191, sha1:03E3ECE9F48CF4104AAFC535790CA2FB3C6B26CF, sha1:2B81F78EC4C3F8D6CF8F677D141C5D13C35333AF, sha1:59A9B9D47AE36411B277544F25AD2CC955D8DD2C, sha1:7356D7868C81499FB4E720F7C9530E5763B4C1D0, sha1:FC0C691DB7E2D2BD3B0B4C1E24D18DF72168B7D9, sha1:95BDB94F6767A3CCE6D92363BBF5BC84B786BDB0","http://www.sqgame.com, http://www.sqgame.com/down/sqybhs.apk, http://www.sqgame.com/down/ybht.apk","https://www.virustotal.com/gui/file/01a33066fbc6253304c92760916329abd50c3191, https://www.virustotal.com/gui/file/03e3ece9f48cf4104aafc535790ca2fb3c6b26cf, https://www.virustotal.com/gui/file/2b81f78ec4c3f8d6cf8f677d141c5d13c35333af, https://www.virustotal.com/gui/file/59a9b9d47ae36411b277544f25ad2cc955d8dd2c, https://www.virustotal.com/gui/file/7356d7868c81499fb4e720f7c9530e5763b4c1d0, https://www.virustotal.com/gui/file/fc0c691db7e2d2bd3b0b4c1e24d18df72168b7d9, https://www.virustotal.com/gui/file/95bdb94f6767a3cce6d92363bbf5bc84b786bdb0",https://www.welivesecurity.com/en/eset-research/rigged-game-scarcruft-compromises-gaming-platform-supply-chain-attack/,
ViPNet Client (InfoTeCS),ViPNet updates mimicked to deploy backdoor.,,ViPNet Client (InfoTeCS),,,,2025,2025-04-01,2025-04-22,N/A,vendor,binary archive,distribution,"backdoor, data theft, remote access",,ViPNet Client versions susceptible to this update package manipulation,,,"md5:018AD336474B9E54E1BD0E9528CA4DB5, md5:28AC759E6662A4B4BE3E5BA7CFB62204, md5:77DA0829858178CCFC2C0A5313E327C1, md5:A5B31B22E41100EB9D0B9A27B9B2D8EF, md5:E6DB606FA2B7E9D58340DF14F65664B8","Malicious LZH update archives for ViPNet software, designed to be processed by the ViPNet update service.","https://securelist.com/new-backdoor-mimics-security-software-update/116246/, %TEMP%\update_tmp*\update\msinfo32.exe, %PROGRAMFILES%\common files\infotecs\update_tmp\driv_*\*\msinfo32.exe, %PROGRAMFILESx86%\InfoTeCS\ViPNet Coordinator\ccc\update_tmp\DRIV_FSA\*\msinfo32.exe",https://securelist.com/new-backdoor-mimics-security-software-update/116246/,
escan,eScan Antivirus Update Supply Chain Attack,,escan,,,,2026,2026-01-20,2026-01-21,escanav.com,vendor,application,distribution,persistence,,,,,"sha256:36ef2ec9ada035c56644f677dab65946798575e1d8b14f1365f22d7c68269860, sha256:bec369597633eac7cc27a698288e4ae8d12bdd9b01946e73a28e1423b17252b1, sha1:1617949c0c9daa2d2a5a80f1028aeb95ce1c0dee, sha1:a928bddfaa536c11c28c8d2c5d16e27cbeaf6357, sha1:ebaf9715d7f34a77a6e1fd455fe0702274958e20, sha1:96cdd8476faa7c6a7d2ad285658d3559855b168d, sha1:2d2d58700a40642e189f3f1ccea41337486947f5, sha1:eec1a5e3bb415d12302e087a24c3f4051fca040e",,,"https://www.morphisec.com/blog/critical-escan-threat-bulletin/, https://securelist.com/escan-supply-chain-attack/118688/",
xygeni-action,Xygeni GitHub Action v5 tag poisoning compromise,,xygeni-action,,,https://github.com/xygeni/xygeni-action,2026,2026-03-03,2026-03-10,github.com,source host,github action,source,"remote code execution, credential theft",,v5,,4bf1d4e19ad81a3e8d4063755ae0f482dd3baf12,,"https://github.com/xygeni/xygeni-action/tree/4bf1d4e19ad81a3e8d4063755ae0f482dd3baf12, https://github.com/xygeni/xygeni-action/pull/46, https://github.com/xygeni/xygeni-action/pull/47, https://github.com/xygeni/xygeni-action/pull/48, https://github.com/xygeni/xygeni-action/issues/54",https://github.com/xygeni/xygeni-action,"https://www.stepsecurity.io/blog/xygeni-action-compromised-c2-reverse-shell-backdoor-injected-via-tag-poisoning, https://xygeni.io/blog/security-incident-report-xygeni-action-github-action-compromise/",
checkmarx-march-2026,Checkmarx March 2026 GitHub Actions and OpenVSX compromise,,Checkmarx AST GitHub Action,checkmarx/ast-github-action,GitHub Actions,https://github.com/Checkmarx/ast-github-action,2026,2026-03-23T12:58:00Z,2026-03-23T16:50:00Z,github.com,repository,action,ci/cd,credential theft,,"2.3.32, main during March 2026 exposure window",,,,https://github.com/Checkmarx/ast-github-action,,"https://checkmarx.com/blog/ongoing-security-updates/, https://www.wiz.io/blog/teampcp-attack-kics-github-action",Checkmarx later identified 2.3.32 and floating main references that resolved during the exposure window as compromised; safe replacement guidance pointed users to v2.3.33 or later.
checkmarx-march-2026,Checkmarx March 2026 GitHub Actions and OpenVSX compromise,,Checkmarx KICS GitHub Action,checkmarx/kics-github-action,GitHub Actions,https://github.com/Checkmarx/kics-github-action,2026,2026-03-23T12:58:00Z,2026-03-23T16:50:00Z,github.com,repository,action,ci/cd,credential theft,,"all active tags during March 2026 exposure window, main during March 2026 exposure window",,,,https://github.com/Checkmarx/kics-github-action,,"https://checkmarx.com/blog/ongoing-security-updates/, https://www.wiz.io/blog/teampcp-attack-kics-github-action, https://www.stepsecurity.io/blog/checkmarx-kics-github-action-compromised-malware-injected-in-all-git-tags",Third-party reporting described all release tags as poisoned with setup.sh changes; Checkmarx described any floating reference that resolved during the window as affected.
checkmarx-march-2026,Checkmarx March 2026 GitHub Actions and OpenVSX compromise,,Checkmarx AST Results OpenVSX extension,checkmarx.ast-results,OpenVSX,https://open-vsx.org/extension/checkmarx/ast-results,2026,2026-03-23T02:53:00Z,2026-03-23T15:41:00Z,open-vsx.org,package host,extension,distribution,credential theft,,2.53.0,,,sha256:65bd72fcddaf938cefdf55b3323ad29f649a65d4ddd6aea09afa974dfc7f105d,https://open-vsx.org/extension/checkmarx/ast-results,,"https://checkmarx.com/blog/ongoing-security-updates/, https://www.wiz.io/blog/teampcp-attack-kics-github-action",
checkmarx-march-2026,Checkmarx March 2026 GitHub Actions and OpenVSX compromise,,Checkmarx Developer Assist OpenVSX extension,checkmarx.cx-dev-assist,OpenVSX,https://open-vsx.org/extension/checkmarx/cx-dev-assist,2026,2026-03-23T02:53:00Z,2026-03-23T15:41:00Z,open-vsx.org,package host,extension,distribution,credential theft,,1.7.0,,,sha256:744c9d61b66bcd2bb5474d9afeee6c00bb7e0cd32535781da188b80eb59383e0,https://open-vsx.org/extension/checkmarx/cx-dev-assist,,"https://checkmarx.com/blog/ongoing-security-updates/, https://www.wiz.io/blog/teampcp-attack-kics-github-action",
DAEMON Tools,Trojanized DAEMON Tools distributed QUIC RAT.,,DAEMON Tools,,,,2026,2026-04-08,Ongoing,daemontools.cc,project download host,binary archive,distribution,"backdoor, data theft, remote access",50000,"12.5.0.2421, 12.5.0.2425, 12.5.0.2429, 12.5.0.2432, 12.5.0.2434",,,"sha1:9ccd769624de98eeeb12714ff1707ec4f5bf196d, sha1:2d4eb55b01f59c62c6de9aacba9b47267d398fe4, sha1:396041ec1838836528d227d896683884c7188173, sha256:10d9e84307f0f62d186e24508499252327702f30691456a2976be04d603a1168, sha256:b58557997380907d7301018568c07d3967d337894a8607a016667b1654860f4e",https://files.disc-soft.com/inst/DTLite64.exe,"https://www.virustotal.com/gui/file/10d9e84307f0f62d186e24508499252327702f30691456a2976be04d603a1168, https://www.virustotal.com/gui/file/2d4eb55b01f59c62c6de9aacba9b47267d398fe4, https://www.virustotal.com/gui/file/b58557997380907d7301018568c07d3967d337894a8607a016667b1654860f4e",https://securelist.com/tr/daemon-tools-backdoor/119654/,
cpuid-hwmonitor,CPUID HWMonitor and CPU-Z Supply Chain Attack (STX RAT),,HWMonitor redirected download,HWMonitor,CPUID website download,,2026,2026-04-09,2026-04-09,cpuid.com,vendor,application,distribution,credential theft,,1.63,,,,,,"https://www.cyderes.com/howler-cell/how-cpuids-hwmonitor-supply-chain-was-hijacked-to-deploy-stx-rat, https://www.igorslab.de/en/warning-cpuid-suspected-of-being-a-virus-suspicious-hwmonitor-downloads-are-causing-alarm/, https://www.reddit.com/r/pcmasterrace/comments/1sh4e5l/warning_hwmonitor_163_download_on_the_official/",The public report identifies HWMonitor 1.63 as one of the redirected official download targets; shared STX RAT payload hashes remain at the attack level.
cpuid-hwmonitor,CPUID HWMonitor and CPU-Z Supply Chain Attack (STX RAT),,CPU-Z redirected download,CPU-Z,CPUID website download,,2026,2026-04-09,2026-04-09,cpuid.com,vendor,application,distribution,credential theft,,,,,,,,"https://www.cyderes.com/howler-cell/how-cpuids-hwmonitor-supply-chain-was-hijacked-to-deploy-stx-rat, https://www.igorslab.de/en/warning-cpuid-suspected-of-being-a-virus-suspicious-hwmonitor-downloads-are-causing-alarm/, https://www.reddit.com/r/pcmasterrace/comments/1sh4e5l/warning_hwmonitor_163_download_on_the_official/",The public report names CPU-Z as an affected official download target but this record does not yet contain a precise CPU-Z version.
checkmarx-april-2026,Checkmarx April 2026 artifact compromise wave,,Checkmarx AST GitHub Action,checkmarx/ast-github-action,GitHub Actions,https://github.com/Checkmarx/ast-github-action,2026,2026-04-22,2026-04-22,github.com,repository,action,ci/cd,credential theft,,2.3.35,,,,https://github.com/Checkmarx/ast-github-action,,"https://checkmarx.com/blog/ongoing-security-updates/, https://checkmarx.com/blog/checkmarx-security-update-april-22/",
checkmarx-april-2026,Checkmarx April 2026 artifact compromise wave,,Checkmarx KICS DockerHub image,checkmarx/kics,DockerHub,https://hub.docker.com/r/checkmarx/kics,2026,2026-04-22,2026-04-22,hub.docker.com,container host,oci image,distribution,credential theft,,"v2.1.20-debian, v2.1.21-debian, debian, v2.1.21, v2.1.20, alpine, latest",,,,https://hub.docker.com/r/checkmarx/kics,,"https://checkmarx.com/blog/ongoing-security-updates/, https://checkmarx.com/blog/checkmarx-security-update-april-22/",
checkmarx-april-2026,Checkmarx April 2026 artifact compromise wave,,Checkmarx AST Results extension,checkmarx.ast-results,VS Code Marketplace/OpenVSX,https://marketplace.visualstudio.com/items?itemName=checkmarx.ast-results,2026,2026-04-22,2026-04-22,marketplace.visualstudio.com,package host,extension,distribution,credential theft,,"2.63, 2.66",,,,"https://open-vsx.org/extension/checkmarx/ast-results, https://marketplace.visualstudio.com/items?itemName=checkmarx.ast-results",,"https://checkmarx.com/blog/ongoing-security-updates/, https://checkmarx.com/blog/checkmarx-security-update-april-22/",
checkmarx-april-2026,Checkmarx April 2026 artifact compromise wave,,Checkmarx Developer Assist extension,checkmarx.cx-dev-assist,VS Code Marketplace/OpenVSX,https://marketplace.visualstudio.com/items?itemName=checkmarx.cx-dev-assist,2026,2026-04-22,2026-04-22,marketplace.visualstudio.com,package host,extension,distribution,credential theft,,"1.17, 1.19",,,,"https://open-vsx.org/extension/checkmarx/cx-dev-assist, https://marketplace.visualstudio.com/items?itemName=checkmarx.cx-dev-assist",,"https://checkmarx.com/blog/ongoing-security-updates/, https://checkmarx.com/blog/checkmarx-security-update-april-22/",
jdownloader,JDownloader Website CMS Compromise (2026),,Linux shell installer substitute,JDownloader2Setup_unix_nojre.sh,JDownloader website Linux installer,,2026,2026-05-06,2026-05-07,jdownloader.org,project download host,script,distribution,malware delivery,,,,,sha256:6d975c05ef7a164707fa359284a31bfe0b1681fe0319819cb9e2c4eec2a1a8af,,,https://jdownloader.org/incident_8.5.2026.html,"Observed malicious substitute file size: 7,934,496 bytes. JDownloader stated the genuine installer packages were not modified; CMS-managed website links were redirected."
jdownloader,JDownloader Website CMS Compromise (2026),,Windows x64 alternative installer substitute,JDownloader2Setup_windows-amd64_v11_0_30.exe,JDownloader website alternative installer,,2026,2026-05-06,2026-05-07,jdownloader.org,project download host,binary archive,distribution,malware delivery,,,,,sha256:fb1e3fe4d18927ff82cffb3f82a0b4ffb7280c85db5a8a8b6f6a1ac30a7e7ed9,,,https://jdownloader.org/incident_8.5.2026.html,"Observed malicious substitute file size: 104,910,336 bytes."
jdownloader,JDownloader Website CMS Compromise (2026),,Windows x64 alternative installer substitute,JDownloader2Setup_windows-amd64_v17_0_18.exe,JDownloader website alternative installer,,2026,2026-05-06,2026-05-07,jdownloader.org,project download host,binary archive,distribution,malware delivery,,,,,sha256:04cb9f0bca6e0e4ed30bc92726590724bf60938440b3825252657d1b3af45495,,,https://jdownloader.org/incident_8.5.2026.html,"Observed malicious substitute file size: 101,420,032 bytes."
jdownloader,JDownloader Website CMS Compromise (2026),,Windows x64 alternative installer substitute,JDownloader2Setup_windows-amd64_v1_8_0_482.exe,JDownloader website alternative installer,,2026,2026-05-06,2026-05-07,jdownloader.org,project download host,binary archive,distribution,malware delivery,,,,,sha256:5a6636ce490789d7f26aaa86e50bd65c7330f8e6a7c32418740c1d009fb12ef3,,,https://jdownloader.org/incident_8.5.2026.html,"Observed malicious substitute file size: 61,749,248 bytes."
jdownloader,JDownloader Website CMS Compromise (2026),,Windows x64 alternative installer substitute,JDownloader2Setup_windows-amd64_v21_0_10.exe,JDownloader website alternative installer,,2026,2026-05-06,2026-05-07,jdownloader.org,project download host,binary archive,distribution,malware delivery,,,,,sha256:32891c0080442bf0a0c5658ada2c3845435b4e09b114599a516248723aad7805,,,https://jdownloader.org/incident_8.5.2026.html,"Observed malicious substitute file size: 107,124,736 bytes."
jdownloader,JDownloader Website CMS Compromise (2026),,Windows x86 alternative installer substitute,JDownloader2Setup_windows-x86_v11_0_29.exe,JDownloader website alternative installer,,2026,2026-05-06,2026-05-07,jdownloader.org,project download host,binary archive,distribution,malware delivery,,,,,sha256:de8b2bdfc61d63585329b8cfca2a012476b46387435410b995aeae5b502bd95e,,,https://jdownloader.org/incident_8.5.2026.html,"Observed malicious substitute file size: 87,157,760 bytes."
jdownloader,JDownloader Website CMS Compromise (2026),,Windows x86 alternative installer substitute,JDownloader2Setup_windows-x86_v17_0_17.exe,JDownloader website alternative installer,,2026,2026-05-06,2026-05-07,jdownloader.org,project download host,binary archive,distribution,malware delivery,,,,,sha256:e4a20f746b7dd19b8d9601b884e67c8166ea9676b917adea6833b695ba13de16,,,https://jdownloader.org/incident_8.5.2026.html,"Observed malicious substitute file size: 86,576,128 bytes."
jdownloader,JDownloader Website CMS Compromise (2026),,Windows x86 alternative installer substitute,JDownloader2Setup_windows-x86_v1_8_0_472.exe,JDownloader website alternative installer,,2026,2026-05-06,2026-05-07,jdownloader.org,project download host,binary archive,distribution,malware delivery,,,,,sha256:4ff7eec9e69b6008b77de1b6e5c0d18aa717f625458d80da610cb170c784e97c,,,https://jdownloader.org/incident_8.5.2026.html,"Observed malicious substitute file size: 62,498,304 bytes."
checkmarx-may-2026,Checkmarx May 2026 Jenkins AST plugin compromise,,Checkmarx Jenkins AST plugin,checkmarx-ast-scanner,Jenkins Marketplace,https://plugins.jenkins.io/checkmarx-ast-scanner,2026,2026-05-09,2026-05-10,plugins.jenkins.io,package host,plugin,distribution,credential theft,,2026.5.09,,,"sha256:01ff1e56fd59a8fa525d97e670f7f297a1a204331b89b2cd4e36a9abc6419203, sha256:f50a96d26a5b0beb29de4127e82b2bf350c21511e5a43d286e43f798dc6cd53f, sha256:3ddb8967919a801b3c383e58cddceab21138134c6a26560d99e2672e86f36f2a",https://plugins.jenkins.io/checkmarx-ast-scanner,,https://checkmarx.com/blog/ongoing-security-updates/,Checkmarx's guidance named 2.0.13-829.vc72453fa_1c16 or earlier as the version line to stay on while the malicious release was avoided.
